,tweet_id,link
0,892420643555336193,https://t.co/MgUWQ76dJU
1,892177421306343426,https://t.co/0Xxu71qeIV
2,891815181378084864,https://t.co/wUnZnhtVJB
3,891689557279858688,https://t.co/tD36da7qLQ
4,891327558926688256,https://t.co/AtUZn91f7f
5,891087950875897856,https://t.co/kQ04fDDRmh
6,890971913173991426,https://t.co/tVJBRMnhxl
7,890729181411237888,https://t.co/v0nONBcwxq
8,890609185150312448,https://t.co/9TwLuAGH0b
9,890240255349198849,https://t.co/t1bfwz5S2A
10,890006608113172480,https://t.co/dVPW0B0Mme
11,889880896479866881,https://t.co/u1XPQMl29g
12,889665388333682689,https://t.co/BxvuXk0UCm
13,889638837579907072,https://t.co/f8dEDcrKSR
14,889531135344209921,https://t.co/y70o6h3isq
15,889278841981685760,https://t.co/WpHvrQedPb
16,888917238123831296,https://t.co/chxruIOUJN
17,888804989199671297,https://t.co/HTQ77yNQ5K
18,888554962724278272,https://t.co/YnYAFCTTiK
19,888078434458587136,https://t.co/DK7iDPfuRX
20,887705289381826560,https://t.co/PhrUk20Q64
21,887517139158093824,https://t.co/20VrLAA8ba
22,887473957103951883,https://t.co/cLyzpcUcMX
23,887343217045368832,https://t.co/WZqNqygEyV
24,887101392804085760,https://t.co/4Ad1jzJSdp
25,886983233522544640,https://t.co/I6oNy0CgiT
26,886736880519319552,https://t.co/ISvKOSkd5b
27,886680336477933568,https://t.co/BCoWue0abA
28,886366144734445568,https://t.co/RGE08MIJox
29,886258384151887873,https://t.co/xZDA9Qsq1O
30,885984800019947520,https://t.co/BuveP0uMF1
31,885528943205470208,https://t.co/tp1kQ8i9JF
32,885167619883638784,https://t.co/44ItaMubBf
33,884925521741709313,https://t.co/MYJvdlNRVa
34,884876753390489601,https://t.co/74TKAUsLkO
35,884562892145688576,https://t.co/1r4MFCbCX5
36,884441805382717440,https://t.co/vvBOcC2VdC
37,884162670584377345,https://t.co/YSI00BzTBZ
38,883838122936631299,https://t.co/V85xujjDDY
39,883482846933004288,https://t.co/qjrljjt948
40,883360690899218434,https://t.co/rf661IFEYP
41,883117836046086144,https://t.co/Se5fZ9wp5E
42,882992080364220416,https://t.co/tyER0KpdXj
43,882762694511734784,https://t.co/D43I96SlVu
44,882627270321602560,https://t.co/Nx52PGwH94
45,882268110199369728,https://t.co/fYP5RlutfA
46,882045870035918850,https://t.co/zeDpnsKX7w
47,881906580714921986,https://t.co/503CgWbhxQ
48,881666595344535552,https://t.co/7CSWCl8I6s
49,881536004380872706,https://t.co/ghXBIIeQZF
50,881268444196462592,https://t.co/cgwJwowTMC
51,880935762899988482,https://t.co/D0wb1GlKAt
52,880872448815771648,https://t.co/WiAMbTkDPf
53,880465832366813184,https://t.co/4VsFysDmiw
54,880221127280381952,https://t.co/fUod0tVmvK
55,880095782870896641,https://t.co/HauE8M3Bu4
56,879862464715927552,https://t.co/Qh5aEkRQm9
57,879492040517615616,https://t.co/IxM9IMKQq8
58,879415818425184262,https://t.co/UDT7ZkcTgY
59,879376492567855104,https://t.co/0gOi601EAa
60,879050749262655488,https://t.co/2mJCDEJWdD
61,879008229531029506,https://t.co/YDtpCjIPKN
62,878776093423087618,https://t.co/lNZwgNO4gS
63,878281511006478336,https://t.co/lUiQH219v6
64,878057613040115712,https://t.co/cwtWnHMVpe
65,877736472329191424,https://t.co/lsPyyAiF1r
66,877556246731214848,https://t.co/OYdDlfOGXP
67,877316821321428993,https://t.co/SHRTIo5pxc
68,877201837425926144,https://t.co/4g4cfj3P4Y
69,876838120628539392,https://t.co/j211oCDRs6
70,876484053909872640,https://t.co/26BXueUgbs
71,876120275196170240,https://t.co/ejExJFq3ek
72,875747767867523072,https://t.co/V2WlACRJCN
73,875144289856114688,https://t.co/ogith9ejNj
74,875021211251597312,https://t.co/brCQoqc8AW
75,874680097055178752,https://t.co/lZhtizkURD
76,874296783580663808,https://t.co/0YplNnSMEm
77,874057562936811520,https://t.co/pwY9PQhtP2
78,874012996292530176,https://t.co/XBE0evJZ6V
79,873580283840344065,https://t.co/mNuMH9400n
80,873213775632977920,https://t.co/V5lkvrGLdQ
81,872967104147763200,https://t.co/EMYIdoblMR
82,872820683541237760,https://t.co/17FVMl4VZ5
83,872620804844003328,https://t.co/lUcpnZDPz9
84,872486979161796608,https://t.co/BZHiKx3FpQ
85,872261713294495745,https://t.co/ejHvGDfWoa
86,872122724285648897,https://t.co/PKSpmiefwN
87,871879754684805121,https://t.co/uK6PNyeh9w
88,871762521631449091,https://t.co/AiVljI6QCg
89,871515927908634625,https://t.co/PR7B7w1rUw
90,871032628920680449,https://t.co/noNpY2Laoo
91,870804317367881728,https://t.co/GCD1JccCyi
92,870656317836468226,https://t.co/42ryYRQ2Q4
93,870374049280663552,https://t.co/T1xlgaPujm
94,870308999962521604,https://t.co/MVQCzrF1g9
95,870063196459192321,https://t.co/apVOyDgOju
96,869772420881756160,https://t.co/HciEaJkC4D
97,869702957897576449,https://t.co/vmCu3PFCQq
98,869596645499047938,https://t.co/DsA2hwXAJo
99,869227993411051520,https://t.co/IoR3n1fiiQ
100,868880397819494401,https://t.co/r28jFx9uyF
101,868622495443632128,https://t.co/yeaH8Ej5eM
102,868552278524837888,https://t.co/7RyeXTYLNi
103,867900495410671616,https://t.co/JMhDNv5wXZ
104,867774946302451713,https://t.co/ZYg3NZGICa
105,867421006826221569,https://t.co/XZlZKd73go
106,867051520902168576,https://t.co/M5Rz0R8SIQ
107,866686824827068416,https://t.co/9b9J46E86Z
108,866450705531457537,https://t.co/wk7TfysWHr
109,866334964761202691,https://t.co/W86h5dgR6c
110,865718153858494464,https://t.co/pozUoHLkGg
111,865359393868664832,https://t.co/g20EmqK7vc
112,865006731092295680,https://t.co/LbkG5CiM7o
113,864873206498414592,https://t.co/wr3xsjeCIR
114,864279568663928832,https://t.co/S2HdmFFPck
115,864197398364647424,https://t.co/cPq9fYvkzr
116,863907417377173506,https://t.co/ht47njyZ64
117,863553081350529029,https://t.co/tordvmaaop
118,863432100342583297,https://t.co/fGQUzR8w3H
119,863079547188785154,https://t.co/lVU5GyNFen
120,863062471531167744,https://t.co/EsOB4rLEKt
121,862831371563274240,https://t.co/ixOFQ1tfqE
122,862722525377298433,https://t.co/Eme9Uar6v2
123,862457590147678208,https://t.co/jvSNASweNb
124,862096992088072192,https://t.co/nvZyyrp0kd
125,861383897657036800,https://t.co/QFRlbZw4Z1
126,861288531465048066,https://t.co/SqKJPwbQ2g
127,861005113778896900,https://t.co/jH6EN9cEn6
128,860563773140209665,https://t.co/oDIQ1KkdPt
129,860524505164394496,https://t.co/C2zHcNIu4I
130,860276583193509888,https://t.co/xJo6S2sfsN
131,860184849394610176,https://t.co/upRYxG4KbG
132,859924526012018688,https://t.co/g8vpXFzw29
133,859851578198683649,https://t.co/BqSttrTuIl
134,859607811541651456,https://t.co/BArWupFAn0
135,859196978902773760,https://t.co/g2nSyGenG9
136,859074603037188101,https://t.co/gEsymGTXCT
137,858843525470990336,https://t.co/cUeDMlHJbq
138,858471635011153920,https://t.co/8jOC4zhNxy
139,858107933456039936,https://t.co/QXA4sCXSDF
140,857989990357356544,https://t.co/sOl7cFaP5X
141,857746408056729600,https://t.co/7IFn3rkJai
142,857393404942143489,https://t.co/JdNE5oqYEV
143,857263160327368704,https://t.co/e3U4NReleC
144,857029823797047296,https://t.co/uMH5CLjXJu
145,856543823941562368,https://t.co/Bh9DtLhIBO
146,856526610513747968,https://t.co/p1hBHCmWnA
147,856282028240666624,https://t.co/GUefqUmZv8
148,855851453814013952,https://t.co/cMhq16isel
149,855851453814013952,https://t.co/cMhq16isel
150,855459453768019968,https://t.co/Xc7uj1C64x
151,854732716440526848,https://t.co/nJztIEON5s
152,854482394044301312,https://t.co/AL4Ahm1Rm5
153,854365224396361728,https://t.co/mdaQhhfpv6
154,854120357044912130,https://t.co/oBL7LEJEzR
155,854010172552949760,https://t.co/TXdT3tmuYk
156,854010172552949760,https://t.co/TXdT3tmuYk
157,853760880890318849,https://t.co/yT4vw8y77x
158,853639147608842240,https://t.co/wiQZIsaWUe
159,853299958564483072,https://t.co/EX9Z3EXlVP
160,852912242202992640,https://t.co/7gx2LksT3U
161,852672615818899456,https://t.co/VlyBzOXHEW
162,852553447878664193,https://t.co/ArnxkyD2kC
163,852311364735569921,https://t.co/2d370P0OEg
164,852226086759018497,https://t.co/NP5JW8LnmW
165,852189679701164033,https://t.co/jrFzScKWEG
166,851591660324737024,https://t.co/BMtfCmNbnS
167,851464819735769094,https://t.co/E4a0R9my1M
168,851224888060895234,https://t.co/iHYfZdz444
169,850753642995093505,https://t.co/hLQ2Ilg2uN
170,850380195714523136,https://t.co/FXZQtBcnTO
171,850145622816686080,https://t.co/PCX25VV78l
172,850019790995546112,https://t.co/ecb3LvExde
173,849776966551130114,https://t.co/TCMC90mSOT
174,849412302885593088,https://t.co/Uq3ChFgWA3
175,849336543269576704,https://t.co/jqPk1BZ6xu
176,849051919805034497,https://t.co/r6GjO6MbZz
177,848690551926992896,https://t.co/UOE79zb6VU
178,848324959059550208,https://t.co/1pSqUbLQ5Z
179,848212111729840128,https://t.co/DkOBbwulw1
180,847962785489326080,https://t.co/rcDs5LkiSj
181,847842811428974592,https://t.co/7Xvoalr798
182,847606175596138505,https://t.co/WTPBWT6Ux1
183,847251039262605312,https://t.co/zhbRIZQgnq
184,847157206088847362,https://t.co/Eh7fGFuy6r
185,847116187444137987,https://t.co/EeeErAbso0
186,846874817362120707,https://t.co/P7PBGqrKSe
187,846514051647705089,https://t.co/cFAasDXauK
188,846153765933735936,https://t.co/a0CkS5ExFR
189,846042936437604353,https://t.co/0hLkztpiOW
190,845812042753855489,https://t.co/TLNexlqzXP
191,845677943972139009,https://t.co/z30iQLiXNo
192,845397057150107648,https://t.co/jMutBFdw5o
193,845306882940190720,https://t.co/7mPCF4ZwEk
194,844979544864018432,https://t.co/a5OaJeRl9B
195,844973813909606400,https://t.co/B1iBuSq3hr
196,844704788403113984,https://t.co/2RYiLGHuPN
197,844580511645339650,https://t.co/gAzPqT7uyk
198,844223788422217728,https://t.co/H38HB6rBTx
199,843856843873095681,https://t.co/f5C5l5wa0e
200,843604394117681152,https://t.co/wHUElL84RC
201,843235543001513987,https://t.co/DKwp2ByMsL
202,842846295480000512,https://t.co/nFpNgCWWYs
203,842765311967449089,https://t.co/kiCFtmJd7l
204,842535590457499648,https://t.co/Tf0rh9ZgZe
205,842163532590374912,https://t.co/o6E0hB3xZl
206,842115215311396866,https://t.co/iDK4OyQJoy
207,841680585030541313,https://t.co/qUOijSlPnj
208,841439858740625411,https://t.co/SVNMdFqKDL
209,841314665196081154,https://t.co/9lVAqDEvZ5
210,841077006473256960,https://t.co/XKJrmO4fAQ
211,840696689258311684,https://t.co/2gclc1MNr7
212,840632337062862849,https://t.co/5cncH08G1o
213,840370681858686976,https://t.co/76iL7JUQdG
214,840268004936019968,https://t.co/8Wsr6b4RjE
215,839990271299457024,https://t.co/r7W1NbkOtr
216,839549326359670784,https://t.co/GuxEXTdnMu
217,839239871831150596,https://t.co/JEXB9RwBmm
218,838921590096166913,https://t.co/oXVu9pNZZv
219,838561493054533637,https://t.co/0av1PEehFI
220,838476387338051585,https://t.co/51FXNuouHI
221,838083903487373313,https://t.co/meUc8jufAO
222,837820167694528512,https://t.co/ORiK6jlgdH
223,837482249356513284,https://t.co/Z3LAaV2pKz
224,837471256429613056,https://t.co/u51tzXSVi3
225,837366284874571778,https://t.co/uNmxbL2lns
226,837110210464448512,https://t.co/7pUjwe8X6B
227,836989968035819520,https://t.co/beWUzGVKRM
228,836753516572119041,https://t.co/GZmNEdyoJY
229,836677758902222849,https://t.co/fGAPAsxjKs
230,836380477523124226,https://t.co/W4KffrdX3Q
231,836260088725786625,https://t.co/gA2GECjiQD
232,836001077879255040,https://t.co/uRdKlFArQE
233,835574547218894849,https://t.co/cVQEnUQd8q
234,835297930240217089,https://t.co/1U0z6r5LSO
235,835264098648616962,https://t.co/IiB7ggduoU
236,835172783151792128,https://t.co/8fX2VkExnL
237,835152434251116546,https://t.co/YbEJPkg4Ag
238,834931633769889797,https://t.co/jTe7Y6P0HK
239,834786237630337024,https://t.co/3FIqvumEXE
240,834574053763584002,https://t.co/UtEVnQ1ZPg
241,834458053273591808,https://t.co/8ZOZS2FSJe
242,834209720923721728,https://t.co/FaeinVjzTZ
243,834167344700198914,https://t.co/o3bhLguymB
244,834086379323871233,https://t.co/5KmXPIGgAG
245,833863086058651648,https://t.co/HDloTYilWZ
246,833826103416520705,https://t.co/WTzhtfevKY
247,833722901757046785,https://t.co/w1MQWO2PET
248,833479644947025920,https://t.co/YGeSpyN8Gu
249,833124694597443584,https://t.co/zD97KYFaFa
250,832998151111966721,https://t.co/QX1h0oqMz0
251,832757312314028032,https://t.co/On7muWnWSQ
252,832636094638288896,https://t.co/Y4DZx2UWsr
253,832397543355072512,https://t.co/nqAJGCHKEt
254,832369877331693569,https://t.co/Dhdx5HnQ4d
255,832273440279240704,https://t.co/SHAb1wHjMz
256,832032802820481025,https://t.co/SU4K34NT4M
257,831939777352105988,https://t.co/k9bzgyVdUT
258,831911600680497154,https://t.co/l38R6IZNNg
259,831670449226514432,https://t.co/u6p4LxzHKg
260,831650051525054464,https://t.co/1UHrKcaCiO
261,831552930092285952,https://t.co/BCbmFYLrse
262,831322785565769729,https://t.co/Xc0gyovCtK
263,831315979191906304,https://t.co/jd6lYhfdH4
264,831309418084069378,https://t.co/ghqMfxxa4V
265,831262627380748289,https://t.co/zqR5XKMpuY
266,830956169170665475,https://t.co/X4vNEzAod5
267,830583320585068544,https://t.co/SATN4If5H5
268,830097400375152640,https://t.co/KoWrMkbMbW
269,829861396166877184,https://t.co/xeudgDXmTU
270,829501995190984704,https://t.co/Xw9JbJHTul
271,829449946868879360,https://t.co/fmRS43mWQB
272,829374341691346946,https://t.co/xo7FZFIAao
273,829141528400556032,https://t.co/rHwfySggqR
274,829011960981237760,https://t.co/U50RlRw4is
275,828770345708580865,https://t.co/AqPTHYUBFz
276,828708714936930305,https://t.co/vst2SEVJO3
277,828650029636317184,https://t.co/bZ4axuH6OK
278,828409743546925057,https://t.co/ZH5CvRlCxt
279,828408677031882754,https://t.co/7WFLKli2T3
280,828381636999917570,https://t.co/iCk7zstRA9
281,828376505180889089,https://t.co/HKBVZqXFNR
282,828372645993398273,https://t.co/JcTuUcyYNS
283,828046555563323392,https://t.co/O37z4jaMG9
284,828011680017821696,https://t.co/rkhCFfDtxB
285,827933404142436356,https://t.co/j8D3PQJvpJ
286,827653905312006145,https://t.co/eAA8lratd3
287,827600520311402496,https://t.co/vrppizPGdb
288,827324948884643840,https://t.co/UU3KqQF5n5
289,827199976799354881,https://t.co/UkyQibIBzZ
290,826958653328592898,https://t.co/QV5nx6otZR
291,826848821049180160,https://t.co/WS0Gha8vRh
292,826598365270007810,https://t.co/YprN62Z74I
293,826476773533745153,https://t.co/YIV8sw8xkh
294,826240494070030336,https://t.co/srXL2s868C
295,826204788643753985,https://t.co/KvaM8j3jhX
296,826115272272650244,https://t.co/6gHoGah9nm
297,825876512159186944,https://t.co/feNwTq12S5
298,825829644528148480,https://t.co/YimNdkZrhM
299,825535076884762624,https://t.co/6ao80wIpV1
300,825147591692263424,https://t.co/AyBEmx56MD
301,825026590719483904,https://t.co/IhW0JKf7kc
302,824775126675836928,https://t.co/F0VWg2GztI
303,824663926340194305,https://t.co/A5Mx4h1FSM
304,824325613288833024,https://t.co/wBmc7OaGvS
305,824297048279236611,https://t.co/EmJbG0skLt
306,823939628516474880,https://t.co/m0hrATIEyw
307,823699002998870016,https://t.co/yCydYURYEL
308,823581115634085888,https://t.co/6F5Rrp472U
309,823322678127919110,https://t.co/stkJ377KK7
310,822975315408461824,https://t.co/yUM8jYStuG
311,822872901745569793,https://t.co/nTz3FtorBc
312,822859134160621569,https://t.co/SSQE06XClS
313,822610361945911296,https://t.co/mcagPeENIh
314,822489057087389700,https://t.co/liJGwMp17E
315,822462944365645825,https://t.co/M3hZGadUuO
316,822244816520155136,https://t.co/rLi83ZyCL5
317,821886076407029760,https://t.co/djMep7mGkV
318,821765923262631936,https://t.co/maDNMETA52
319,821522889702862852,https://t.co/IzcaR3Nqyn
320,821407182352777218,https://t.co/Xn5AQtiqzG
321,821149554670182400,https://t.co/r8DxA8DYJ2
322,821107785811234820,https://t.co/8SiwKDlRcl
323,821044531881721856,https://t.co/bryVdNaRcu
324,820749716845686786,https://t.co/EMq8Ud6Ze1
325,820690176645140481,https://t.co/NIYC820tmd
326,820314633777061888,https://t.co/ZNIkkHgtYE
327,820078625395449857,https://t.co/wJZlpGFEbD
328,819952236453363712,https://t.co/6lJz0DKZIb
329,819924195358416896,https://t.co/XdRNXNYD4E
330,819711362133872643,https://t.co/m5fYxrO3IU
331,819588359383371776,https://t.co/52cItP0vIO
332,819347104292290561,https://t.co/8rUL99bX4W
333,819227688460238848,https://t.co/ii5eNX5LJT
334,819006400881917954,https://t.co/YOC1fHFCSb
335,819004803107983360,https://t.co/AdPKrI8BZ1
336,818627210458333184,https://t.co/I7bkhxBxUG
337,818614493328580609,https://t.co/FOF0hBDxP8
338,818536468981415936,https://t.co/6fSVcn9HAU
339,818259473185828864,https://t.co/rnkvT2kvib
340,818145370475810820,https://t.co/JlPug12E5Z
341,817827839487737858,https://t.co/q2BgNIi3OA
342,817777686764523521,https://t.co/m7isZrOBX7
343,817777686764523521,https://t.co/m7isZrOBX7
344,817536400337801217,https://t.co/jQUdvtdYMu
345,817423860136083457,https://t.co/btzf1zTDeQ
346,817415592588222464,https://t.co/O0ECL1StB2
347,817171292965273600,https://t.co/56uBP28eqw
348,817120970343411712,https://t.co/kCLgD8687T
349,817056546584727552,https://t.co/r6SLVN2VUH
350,816816676327063552,https://t.co/dVVavqpeF9
351,816697700272001025,https://t.co/WFt82XLyEF
352,816450570814898180,https://t.co/LIhmM7i70k
353,816336735214911488,https://t.co/nuJxtmlLcY
354,816091915477250048,https://t.co/tlfuZ25IMi
355,815990720817401858,https://t.co/fQpYuMKG3p
356,815966073409433600,https://t.co/MiMKtsLN6k
357,815736392542261248,https://t.co/gd9UlLOCQ0
358,815639385530101762,https://t.co/bLZuOh9sKy
359,815390420867969024,https://t.co/9njRxyUd5L
360,814986499976527872,https://t.co/01vpuRDXQ8
361,814638523311648768,https://t.co/0LdNjoiNbv
362,814530161257443328,https://t.co/IOdgfnSE9G
363,814153002265309185,https://t.co/YIJo7X7K9J
364,813910438903693312,https://t.co/z1VRj1cYZf
365,813812741911748608,https://t.co/uBnQTNEeGg
366,813800681631023104,https://t.co/OuaVvVkwJ1
367,813217897535406080,https://t.co/DVYIZOnO81
368,813202720496779264,https://t.co/cD967DjnIn
369,813187593374461952,https://t.co/rvSANEsQZJ
370,813172488309972993,https://t.co/bxGwkJa2kE
371,813157409116065792,https://t.co/hwhCbhCjnV
372,813142292504645637,https://t.co/KK4XQK9SPi
373,813127251579564032,https://t.co/BzITyGw3JA
374,813112105746448384,https://t.co/zfdaGZlweq
375,813096984823349248,https://t.co/soNL00XWVu
376,813081950185472002,https://t.co/PjulYEXTvg
377,813066809284972545,https://t.co/syuTXARdtN
378,813051746834595840,https://t.co/AIMF8ouzvl
379,812781120811126785,https://t.co/lXFM1l22bG
380,812709060537683968,https://t.co/AbBDuGZUpp
381,812503143955202048,https://t.co/wZz7fI6XO1
382,812466873996607488,https://t.co/BAJrfPvtux
383,812372279581671427,https://t.co/gCnAeL2mvT
384,811985624773361665,https://t.co/sIB5C6FDop
385,811744202451197953,https://t.co/TZkiQZqwA6
386,811627233043480576,https://t.co/IU8S0n4oxn
387,811386762094317568,https://t.co/aAUXzoxaBy
388,810984652412424192,https://t.co/LouL5vdvxx
389,810896069567610880,https://t.co/zW1o0W4AYV
390,810657578271330305,https://t.co/MXd0AGDsRJ
391,810284430598270976,https://t.co/9p6ECXJMMu
392,810254108431155201,https://t.co/DrsrQkEfnb
393,809920764300447744,https://t.co/HIraYS1Bzo
394,809448704142938112,https://t.co/EMdnCugNbo
395,809220051211603969,https://t.co/wHu15q2Q6p
396,809084759137812480,https://t.co/nadm8yWZ4h
397,808838249661788160,https://t.co/Zrrcw29o13
398,808733504066486276,https://t.co/xQfrbNK3HD
399,808501579447930884,https://t.co/SQhyqrr8px
400,808106460588765185,https://t.co/ANBpEYHaho
401,808106460588765185,https://t.co/ANBpEYHaho
402,808001312164028416,https://t.co/O9iGgvfuzl
403,807621403335917568,https://t.co/qTRY2qX9y4
404,807106840509214720,https://t.co/DkBYaCAg2d
405,807010152071229440,https://t.co/fhgP6vSfhX
406,806629075125202948,https://t.co/f1h2Fsalv9
407,806542213899489280,https://t.co/BCB87qUU0h
408,806219024703037440,https://t.co/IZidSrBvhi
409,805932879469572096,https://t.co/Zcwr8LgoO8
410,805826884734976000,https://t.co/SgpBVYIL18
411,805520635690676224,https://t.co/zacX7S6GyJ
412,805487436403003392,https://t.co/1JUduNuaWl
413,805207613751304193,https://t.co/lHy4Xbyhd9
414,804738756058218496,https://t.co/kQVQoOW9NZ
415,804026241225523202,https://t.co/U7FvBZo6Bq
416,803773340896923648,https://t.co/ZxeRjMKaWt
417,803638050916102144,https://t.co/ns9qoElfsX
418,803380650405482500,https://t.co/yPbCALoy2n
419,803276597545603072,https://t.co/jxQhxoPsgL
420,802952499103731712,https://t.co/yLm7hQ6UXh
421,802572683846291456,https://t.co/EFfLCP7oQv
422,802323869084381190,https://t.co/aX4brLLpWZ
423,802265048156610565,https://t.co/9IxWAXFqze
424,802265048156610565,https://t.co/9IxWAXFqze
425,802239329049477120,https://t.co/5oWrHCWg87
426,801958328846974976,https://t.co/4fY2bsAm65
427,801538201127157760,https://t.co/p1RD39XjUe
428,801285448605831168,https://t.co/bC69RrW559
429,801167903437357056,https://t.co/R6wJyC2Tey
430,801115127852503040,https://t.co/55Dqe0SJNj
431,801115127852503040,https://t.co/55Dqe0SJNj
432,800751577355128832,https://t.co/4UwCTW3lXG
433,800513324630806528,https://t.co/ILHGs0e6Dm
434,800459316964663297,https://t.co/61sX7pW5Ca
435,800388270626521089,https://t.co/azMneS6Ly5
436,800141422401830912,https://t.co/pbKOesr8Tg
437,800018252395122689,https://t.co/gQqRBfkX4I
438,799757965289017345,https://t.co/OiH8PaOxB1
439,799422933579902976,https://t.co/bpLuQuxzHZ
440,799297110730567681,https://t.co/YDtZcAiMAf
441,799063482566066176,https://t.co/BXJFKOVnJm
442,798933969379225600,https://t.co/KJAKO2kXsL
443,798925684722855936,https://t.co/8yvpacwBcu
444,798209839306514432,https://t.co/jG1PAFkB81
445,797971864723324932,https://t.co/GRWPgNKt2z
446,797545162159308800,https://t.co/Ia19irLwyB
447,797236660651966464,https://t.co/6kqsAjJNhi
448,796865951799083009,https://t.co/Jgnuiyvq06
449,796759840936919040,https://t.co/6hx7ur6sNI
450,796484825502875648,https://t.co/bvkkqOjNDV
451,796387464403357696,https://t.co/cVLUasbKA5
452,796149749086875649,https://t.co/y5KarNXWXt
453,796116448414461957,https://t.co/7i0bDMbrVN
454,796080075804475393,https://t.co/opoXKxmfFm
455,796031486298386433,https://t.co/PbgvuD0qIL
456,795464331001561088,https://t.co/gBUDjdEcqz
457,795400264262053889,https://t.co/2H4MfOGlpQ
458,795076730285391872,https://t.co/ivPWhspN3E
459,794926597468000259,https://t.co/XRPvTPF0VH
460,794332329137291264,https://t.co/SIQbb8c3AU
461,794205286408003585,https://t.co/trSjgY3h4g
462,793962221541933056,https://t.co/xIfrsMNLBR
463,793845145112371200,https://t.co/2Xo19aPrG5
464,793601777308463104,https://t.co/LhzPWv6rTv
465,793500921481273345,https://t.co/aF5MmpvPqN
466,793286476301799424,https://t.co/rLHGx3VAF3
467,793271401113350145,https://t.co/MgQSdfZGPN
468,793256262322548741,https://t.co/BNy9IIJMb0
469,793241302385262592,https://t.co/Ap477GhwXt
470,793226087023144960,https://t.co/hFxxBCWlwj
471,793210959003287553,https://t.co/etL8FHBrh8
472,793195938047070209,https://t.co/YSi6K1firY
473,793180763617361921,https://t.co/2VhmlwxA1Q
474,793165685325201412,https://t.co/IbzT7DJvBo
475,793150605191548928,https://t.co/3lE8Izgmkf
476,793135492858580992,https://t.co/PrgvOyPtDT
477,793120401413079041,https://t.co/sxMrsOZ8zb
478,792913359805018113,https://t.co/LRyMrU7Wfq
479,792883833364439040,https://t.co/v17mFm0Ftz
480,792773781206999040,https://t.co/RhaPExuxJL
481,792394556390137856,https://t.co/of0pFNBIl8
482,792050063153438720,https://t.co/S3f1SYylzu
483,791672322847637504,https://t.co/O5IUmRHRIh
484,791406955684368384,https://t.co/Zcw9Sccctc
485,791312159183634433,https://t.co/GGJvxYt3xK
486,790987426131050500,https://t.co/Eno0mypHIr
487,790946055508652032,https://t.co/dgvTPZ9tgI
488,790698755171364864,https://t.co/IiiBq460I7
489,790581949425475584,https://t.co/Fd5WFDTMH4
490,790337589677002753,https://t.co/ovE2hqXryV
491,790277117346975746,https://t.co/aI7umZHIq7
492,789986466051088384,https://t.co/Ln89R4FP7v
493,789628658055020548,https://t.co/huPSJJ7FDI
494,789599242079838210,https://t.co/0R4meWXFOx
495,789530877013393408,https://t.co/TU4sZogVIq
496,789268448748703744,https://t.co/JSs2bfDtTS
497,789137962068021249,https://t.co/2jwxxtNzoN
498,788908386943430656,https://t.co/3BXh073tDm
499,788765914992902144,https://t.co/x5gXRS1abq
500,788412144018661376,https://t.co/4DhSsC1W7S
501,788178268662984705,https://t.co/s7MgFWDySc
502,788150585577050112,https://t.co/xosHjFzVXc
503,788039637453406209,https://t.co/lRmUUOxgbQ
504,787810552592695296,https://t.co/pNNjBtHWPc
505,787717603741622272,https://t.co/i622ZbWkUp
506,787397959788929025,https://t.co/lHVHGdDzb3
507,787322443945877504,https://t.co/lsrR83SiVp
508,786963064373534720,https://t.co/ibj5g6xaAj
509,786709082849828864,https://t.co/yBO5wuqaPS
510,786664955043049472,https://t.co/HmlEvAMP4r
511,786595970293370880,https://t.co/L8BWDD4oBX
512,786363235746385920,https://t.co/TVXpEJB7Wn
513,786233965241827333,https://t.co/78c9W8kLFh
514,785927819176054784,https://t.co/lntsj7Fc4Y
515,785872687017132033,https://t.co/1j9kLGb4wV
516,785639753186217984,https://t.co/f2wmLZTPHd
517,785639753186217984,https://t.co/f2wmLZTPHd
518,785533386513321988,https://t.co/h4jhlH4EyG
519,785264754247995392,https://t.co/mWYACm4qnx
520,785170936622350336,https://t.co/cubFg7F4qQ
521,784826020293709826,https://t.co/AsykOwMrXQ
522,784517518371221505,https://t.co/p6fgYe2dB6
523,784431430411685888,https://t.co/PHA1vtqqpt
524,783839966405230592,https://t.co/8TCQcsZCZ8
525,783821107061198850,https://t.co/STcPjiNAHp
526,783695101801398276,https://t.co/kCRKlFg4AY
527,783466772167098368,https://t.co/s8W8Del9HQ
528,783391753726550016,https://t.co/BO936YdJdi
529,783334639985389568,https://t.co/nfprKAXqwu
530,783085703974514689,https://t.co/IsqyvbjFgM
531,782969140009107456,https://t.co/vOBV1ZqVcX
532,782747134529531904,https://t.co/C6fUMnHt1H
533,782722598790725632,https://t.co/zrMVdfFej6
534,782598640137187329,https://t.co/BIUchFwHqn
535,782305867769217024,https://t.co/pgVKxRw0s1
536,781955203444699136,https://t.co/FjEsk7A1JV
537,781661882474196992,https://t.co/ELqelxWMrC
538,781524693396357120,https://t.co/ya7bviQUUf
539,781251288990355457,https://t.co/xIYsa6LPA4
540,781163403222056960,https://t.co/YkHc7U7uUy
541,780931614150983680,https://t.co/5dUYOu4b8d
542,780858289093574656,https://t.co/YElO4hvXI6
543,780800785462489090,https://t.co/KQzSR8eCsw
544,780601303617732608,https://t.co/mH0IOyFdIG
545,780543529827336192,https://t.co/VG095mi09Q
546,780459368902959104,https://t.co/coi4l1T2Sm
547,780192070812196864,https://t.co/zHIqpM5Gni
548,779834332596887552,https://t.co/x0gV2Ck3AD
549,779377524342161408,https://t.co/KsqaIzlQ12
550,779123168116150273,https://t.co/uMfhduaate
551,779056095788752897,https://t.co/I1bJUzUEW5
552,778990705243029504,https://t.co/vyx1X5eyWI
553,778748913645780993,https://t.co/1dpEuALnY0
554,778650543019483137,https://t.co/KYZkPuiC1l
555,778624900596654080,https://t.co/0rRxyBQt32
556,778408200802557953,https://t.co/gJKD9pst5A
557,778383385161035776,https://t.co/zP1IvAATWv
558,778286810187399168,https://t.co/hhTfnPrWfb
559,778039087836069888,https://t.co/t8Y4x9DmVD
560,778027034220126208,https://t.co/QFaUiIHxHq
561,777885040357281792,https://t.co/pL7wbMRW7M
562,777684233540206592,https://t.co/SuXcI9B7pQ
563,777621514455814149,https://t.co/BnVTMtUeI3
564,777189768882946048,https://t.co/d3aLyCykn7
565,776813020089548800,https://t.co/nFqLaOLUQA
566,776477788987613185,https://t.co/iJE3F0VozW
567,776218204058357768,https://t.co/nzqTNw0744
568,776201521193218049,https://t.co/Pq150LeRaC
569,776113305656188928,https://t.co/FYT9QBEnKG
570,776088319444877312,https://t.co/wOhuABgj6I
571,775842724423557120,https://t.co/saRYTcxQeH
572,775733305207554048,https://t.co/9CcBSxCXXG
573,775729183532220416,https://t.co/J39lT3b0rH
574,775364825476165632,https://t.co/7FNcBaKbci
575,775085132600442880,https://t.co/wdgY9oHPrT
576,774757898236878852,https://t.co/dS8SCbNF9P
577,774639387460112384,https://t.co/4s5Xlijogu
578,774314403806253056,https://t.co/7oQ1wpfxIH
579,773985732834758656,https://t.co/RFWtDqTnAz
580,773922284943896577,https://t.co/G56ikYAqFg
581,773704687002451968,https://t.co/OqNggd4Oio
582,773670353721753600,https://t.co/rA8WUVOLBr
583,773547596996571136,https://t.co/nBJ5RE4yHb
584,773308824254029826,https://t.co/0Fcft7jl4N
585,773247561583001600,https://t.co/hG5WYT9ECn
586,773191612633579521,https://t.co/9HEVPJEioD
587,772877495989305348,https://t.co/qEP31epKEV
588,772826264096874500,https://t.co/7CQkn3gHOQ
589,772581559778025472,https://t.co/8lpAGaZRFn
590,772193107915964416,https://t.co/Dp0s7MRIHK
591,772152991789019136,https://t.co/H9yjI9eo3A
592,772117678702071809,https://t.co/GHOfbTVQti
593,772114945936949249,https://t.co/CbtNfecWiT
594,772102971039580160,https://t.co/B2f3XkGU5c
595,771770456517009408,https://t.co/E6bGWf9EOm
596,771500966810099713,https://t.co/1tWe5zZoHv
597,771380798096281600,https://t.co/sPB5JMnWBn
598,771136648247640064,https://t.co/8VEDZKHddR
599,771102124360998913,https://t.co/K5Jo7QRCvA
600,771014301343748096,https://t.co/OJZQ6I4gGd
601,770787852854652928,https://t.co/d0QEbp78Yi
602,770772759874076672,https://t.co/lqr0NdtwQo
603,770655142660169732,https://t.co/qlUDuPoE3d
604,770414278348247044,https://t.co/OUwWbEKOUV
605,770293558247038976,https://t.co/3fEPpj0KYw
606,770069151037685760,https://t.co/mADHGenzFS
607,769940425801170949,https://t.co/guDkLrX8zV
608,769695466921623552,https://t.co/vhrkz0dK4v
609,769212283578875904,https://t.co/OCYLz3fjVE
610,768970937022709760,https://t.co/UlB2mzw3Xs
611,768855141948723200,https://t.co/1BxxcdVNJ8
612,768609597686943744,https://t.co/dZPMLresEr
613,768596291618299904,https://t.co/J2AJdyxglH
614,768473857036525572,https://t.co/goy9053wC7
615,768193404517830656,https://t.co/WmczvjCWJq
616,767884188863397888,https://t.co/Qai481H6RA
617,767754930266464257,https://t.co/Nb68IsVb9O
618,767500508068192258,https://t.co/Z2g2YWPzX2
619,767191397493538821,https://t.co/QOKZdus9TT
620,767122157629476866,https://t.co/IEARC2sRzC
621,766793450729734144,https://t.co/exrRjjJqeO
622,766693177336135680,https://t.co/cTlHjEUNK8
623,766423258543644672,https://t.co/Tytt15VquG
624,766313316352462849,https://t.co/xuxZoObmF0
625,766069199026450432,https://t.co/Z69mShifuk
626,766008592277377025,https://t.co/jaivZ1dcUL
627,765719909049503744,https://t.co/soxdNqZDZ2
628,765669560888528897,https://t.co/t6RvnVEdRR
629,765395769549590528,https://t.co/ep1NkYoiwB
630,765371061932261376,https://t.co/w2qDmoTIZ5
631,765222098633691136,https://t.co/eSvz4EapHH
632,764857477905154048,https://t.co/cBIFBsCRz6
633,764259802650378240,https://t.co/Q1v9BZylvZ
634,763837565564780549,https://t.co/gx3xF5mZbo
635,763183847194451968,https://t.co/EDMcwt86fU
636,763103485927849985,https://t.co/VIXT3D26VM
637,762699858130116608,https://t.co/2lBg3ZgivD
638,762471784394268675,https://t.co/pA4MDKwRci
639,762464539388485633,https://t.co/zGSj1oUgxx
640,762316489655476224,https://t.co/sAHmwRtfSq
641,762035686371364864,https://t.co/3td8P3o0mB
642,761976711479193600,https://t.co/WTZ484EntP
643,761745352076779520,https://t.co/obH5vMbm1j
644,761672994376806400,https://t.co/EY8kEFuzK7
645,761599872357261312,https://t.co/7HY9RvCudo
646,761334018830917632,https://t.co/ErPLjjJOKc
647,761292947749015552,https://t.co/0THNOfv2Jo
648,761227390836215808,https://t.co/nhLX27WsDY
649,761004547850530816,https://t.co/1acHQS8rvK
650,760893934457552897,https://t.co/H9YgrUkYwa
651,760656994973933572,https://t.co/tl3gNYdoq2
652,760641137271070720,https://t.co/8Kmuj6SFbC
653,760539183865880579,https://t.co/9k8LLjJ0uJ
654,760290219849637889,https://t.co/qFsl1nnXMv
655,760252756032651264,https://t.co/4gOv2Q3iKP
656,760190180481531904,https://t.co/h6s9Rch0gZ
657,759923798737051648,https://t.co/49hkNAsubi
658,759846353224826880,https://t.co/fd6uucghY6
659,759793422261743616,https://t.co/MYwR4DQKll
660,759793422261743616,https://t.co/MYwR4DQKll
661,759557299618865152,https://t.co/JRV1dhBYwu
662,759447681597108224,https://t.co/vT3JM8b989
663,759197388317847553,https://t.co/gQH2mmKIJW
664,759099523532779520,https://t.co/Cim4DSj6Oi
665,759047813560868866,https://t.co/8W5iSOgXfx
666,758854675097526272,https://t.co/4UrfOZhztW
667,758828659922702336,https://t.co/9T2h14yn4Q
668,758740312047005698,https://t.co/rfWQ4T9iQj
669,758474966123810816,https://t.co/uPUAotqQtM
670,758467244762497024,https://t.co/HmwrdfEfUE
671,758405701903519748,https://t.co/M9BXCSDVjh
672,758355060040593408,https://t.co/NzWUrFZydr
673,758041019896193024,https://t.co/l46jwv5WYv
674,757741869644341248,https://t.co/TdyGTcX0uo
675,757725642876129280,https://t.co/rptsOm73Wr
676,757611664640446465,https://t.co/AVks8DjHwB
677,757596066325864448,https://t.co/mOmnL19Wsl
678,757400162377592832,https://t.co/gwKCspY8N2
679,757393109802180609,https://t.co/OfvRoD6ndV
680,757354760399941633,https://t.co/7waRPODGyO
681,756998049151549440,https://t.co/qbO5X6dYuj
682,756939218950160384,https://t.co/KGdeHuFJnH
683,756651752796094464,https://t.co/l0Iwj6rLFW
684,756526248105566208,https://t.co/CsLRpqdeTF
685,756303284449767430,https://t.co/az5BVcIV5I
686,756288534030475264,https://t.co/hfddJ0OiNR
687,756275833623502848,https://t.co/JrDAzMhwG9
688,755955933503782912,https://t.co/GAYViEweWr
689,755206590534418437,https://t.co/I5ld3eKD5k
690,755110668769038337,https://t.co/goX3jewkYN
691,754856583969079297,https://t.co/FyHrk20gUR
692,754747087846248448,https://t.co/G9ufksBMlU
693,754482103782404096,https://t.co/ca0q9HM8II
694,754449512966619136,https://t.co/0dYI0Cpdge
695,754120377874386944,https://t.co/lFEoGqZ4oA
696,754011816964026368,https://t.co/ilwQqWFKCh
697,753655901052166144,https://t.co/ULqThwWmLg
698,753420520834629632,https://t.co/CCdlwiTwQf
699,753398408988139520,https://t.co/ov05LIoQJX
700,753375668877008896,https://t.co/3r7wjfsXHc
701,753294487569522689,https://t.co/sTuRoYfzPv
702,753026973505581056,https://t.co/6qF5YZx6OV
703,752917284578922496,https://t.co/WZ4zzkXXnW
704,752682090207055872,https://t.co/xVSodF19PS
705,752660715232722944,https://t.co/bWSgqnwSHr
706,752519690950500352,https://t.co/G54yClasz2
707,752334515931054080,https://t.co/jwd0j6oWLE
708,752173152931807232,https://t.co/olDmwNjOy1
709,751937170840121344,https://t.co/Vfc3eAFl2q
710,751830394383790080,https://t.co/BJRsxuLF1w
711,751598357617971201,https://t.co/fHQrBKYSLC
712,751583847268179968,https://t.co/u2c9c7qSg8
713,751583847268179968,https://t.co/u2c9c7qSg8
714,751538714308972544,https://t.co/5eJg69G8vY
715,751456908746354688,https://t.co/lsVAMBq6ex
716,751251247299190784,https://t.co/wayKZkDRTG
717,751205363882532864,https://t.co/510gJW9fsy
718,751132876104687617,https://t.co/yToDwVXEpA
719,750868782890057730,https://t.co/xe1aGZNkcC
720,750719632563142656,https://t.co/WS6BoApYyL
721,750506206503038976,https://t.co/SVU00Sc9U2
722,750429297815552001,https://t.co/lprdOylVpS
723,750383411068534784,https://t.co/FfH3o88Vta
724,750147208377409536,https://t.co/Mr8Lr3iOUe
725,750132105863102464,https://t.co/dDx2gKefYo
726,750117059602808832,https://t.co/RXdzWaCQHm
727,750101899009982464,https://t.co/enCpXzZHkD
728,750086836815486976,https://t.co/7tlZPrePXd
729,750071704093859840,https://t.co/RG4C9IdNJM
730,750056684286914561,https://t.co/8zQvXM6pG5
731,750041628174217216,https://t.co/7JeDfQvzzI
732,750026558547456000,https://t.co/jrg29NDNhI
733,750011400160841729,https://t.co/D17IAcetmM
734,749996283729883136,https://t.co/c7LNFt39eR
735,749981277374128128,https://t.co/GRXwMxLBkh
736,749774190421639168,https://t.co/4yXa801fgl
737,749417653287129088,https://t.co/qvA2rCUl6v
738,749403093750648834,https://t.co/9qdJ2Q1Cwx
739,749395845976588288,https://t.co/lznl6QGkYc
740,749317047558017024,https://t.co/HHUAnBb6QB
741,749064354620928000,https://t.co/xEY8dbJxnF
742,749036806121881602,https://t.co/U8cSRz8wzC
743,748977405889503236,https://t.co/nDPaYHrtNX
744,748932637671223296,https://t.co/BbcABzohKb
745,748705597323898880,https://t.co/eA7k1ZQslA
746,748699167502000129,https://t.co/gGxjthmG1c
747,748692773788876800,https://t.co/vdr7DaRSa7
748,748575535303884801,https://t.co/z5bAdtn9kd
749,748568946752774144,https://t.co/uUncaAGH18
750,748346686624440324,https://t.co/XFBrrqapZa
751,748324050481647620,https://t.co/1sNtG7GgiO
752,748307329658011649,https://t.co/KubWEqOIgO
753,747963614829678593,https://t.co/ZPfeRtOX0Q
754,747933425676525569,https://t.co/oQqlOsla4R
755,747885874273214464,https://t.co/TGenMeXreW
756,747844099428986880,https://t.co/V7h5NMYbYz
757,747816857231626240,https://t.co/L3U0j14N5R
758,747600769478692864,https://t.co/eUGjGjjFVJ
759,747594051852075008,https://t.co/Ie2mWXWjpr
760,747512671126323200,https://t.co/12lICZN2SP
761,747461612269887489,https://t.co/x4IUNKV79Y
762,747219827526344708,https://t.co/uT7QeZI34U
763,747204161125646336,https://t.co/dmdEBOEctC
764,747103485104099331,https://t.co/DX1JUHJVN7
765,746906459439529985,https://t.co/c7WXaB2nqX
766,746872823977771008,https://t.co/9e48aPrBm2
767,746818907684614144,https://t.co/CuNA7OwfKQ
768,746790600704425984,https://t.co/jeWEGUgbXf
769,746726898085036033,https://t.co/gLbLiZtwsp
770,746507379341139972,https://t.co/PlR6hjqvr5
771,746369468511756288,https://t.co/5qpBTTpgUt
772,746131877086527488,https://t.co/uRI7HBgGJX
773,746056683365994496,https://t.co/VJgbgIzIHx
774,745789745784041472,https://t.co/3wc246LOtu
775,745712589599014916,https://t.co/QHbvtvaw8E
776,745433870967832576,https://t.co/oYbVR4nBsR
777,745422732645535745,https://t.co/nc53zEN0hZ
778,745314880350101504,https://t.co/AWMeXJJz64
779,745057283344719872,https://t.co/BkgU3rrsXA
780,744995568523612160,https://t.co/2FPb45NXrK
781,744971049620602880,https://t.co/KgSEkrPA3r
782,744709971296780288,https://t.co/zAzaRT6NnT
783,744334592493166593,https://t.co/hrJugNHs2Z
784,744234799360020481,https://t.co/7wE9LTEXC4
785,743980027717509120,https://t.co/Kxda28JmQ2
786,743895849529389061,https://t.co/gCCrY8P0K9
787,743609206067040256,https://t.co/YwfN1lbpKA
788,743595368194129920,https://t.co/EVuqdEO66N
789,743545585370791937,https://t.co/vU3tKr4vTn
790,743510151680958465,https://t.co/qGeVjHSUKH
791,743253157753532416,https://t.co/gSmp31Zrsx
792,743222593470234624,https://t.co/xOBKCdpzaa
793,743210557239623680,https://t.co/EkLku795aO
794,742528092657332225,https://t.co/UHvjxm9B0O
795,742465774154047488,https://t.co/hBTzPmj36Z
796,742423170473463808,https://t.co/BXIuvkQO9b
797,742385895052087300,https://t.co/ULdPY6CLpq
798,742161199639494656,https://t.co/bZaHC3lvTL
799,742150209887731712,https://t.co/PprXoqZuKY
800,741793263812808706,https://t.co/d3LELGVlqu
801,741743634094141440,https://t.co/rYxJ0UQtbE
802,741438259667034112,https://t.co/pXU77HPbJ5
803,741303864243200000,https://t.co/O4iw9NlLaQ
804,741067306818797568,https://t.co/o5J479bZUC
805,741067306818797568,https://t.co/o5J479bZUC
806,740995100998766593,https://t.co/nt2x3fHaRJ
807,740711788199743490,https://t.co/CmLoKMbOHv
808,740699697422163968,https://t.co/LjzZKQ7vmK
809,740676976021798912,https://t.co/sMbMw5Z2XC
810,740373189193256964,https://t.co/XAVDNDaVgQ
811,740365076218183684,https://t.co/u1GHWxhC85
812,740359016048689152,https://t.co/0HmBk5sSbW
813,740214038584557568,https://t.co/0yolOOyD3X
814,739979191639244800,https://t.co/7AKdkCOlMf
815,739932936087216128,https://t.co/yctnFptdQ1
816,739844404073074688,https://t.co/4qiuC0lXq5
817,739606147276148736,https://t.co/sLUC4th3Zj
818,739544079319588864,https://t.co/zxw8d5g94P
819,739485634323156992,https://t.co/rRULp7XFnO
820,739238157791694849,https://t.co/YcXgHfp1EC
821,738885046782832640,https://t.co/EfejX3iRGr
822,738883359779196928,https://t.co/9eCXpVExJc
823,738537504001953792,https://t.co/AxSiqAKEKu
824,738402415918125056,https://t.co/s96OYXZIfK
825,738184450748633089,https://t.co/twxYcPOafl
826,738166403467907072,https://t.co/P8bgOMMTRs
827,738156290900254721,https://t.co/nrzvzPuTvC
828,737826014890496000,https://t.co/EZx0YjPjPK
829,737800304142471168,https://t.co/KxkOgq80Xj
830,737678689543020544,https://t.co/VflvQLH2y5
831,737445876994609152,https://t.co/CaG9MzD3WT
832,737322739594330112,https://t.co/3xqGVH0Dhw
833,737310737551491075,https://t.co/wvjqSCN6iC
834,736736130620620800,https://t.co/447tyBN0mW
835,736365877722001409,https://t.co/e3tfXJLi40
836,736225175608430592,https://t.co/qXteK6Atxc
837,736010884653420544,https://t.co/O1TLuYjsNS
838,735991953473572864,https://t.co/A216OjIdca
839,735648611367784448,https://t.co/t6TxTwTLEK
840,735635087207878657,https://t.co/IvFSlNXpgj
841,735274964362878976,https://t.co/aTU53NNUkt
842,735256018284875776,https://t.co/MRYv7nDPyS
843,735137028879360001,https://t.co/5bdCpPlno9
844,734912297295085568,https://t.co/9MGouPwQmK
845,734787690684657664,https://t.co/BPoaHySYwA
846,734776360183431168,https://t.co/qw07vhVHuO
847,733828123016450049,https://t.co/RFToQQI8fJ
848,733822306246479872,https://t.co/mVfqRdppTL
849,733482008106668032,https://t.co/jeAENpjH7L
850,733460102733135873,https://t.co/0b41Q4DKCA
851,733109485275860992,https://t.co/pG2inLaOda
852,733109485275860992,https://t.co/pG2inLaOda
853,732732193018155009,https://t.co/rVOLuNRpjH
854,732726085725589504,https://t.co/QwiCVLPMNL
855,732585889486888962,https://t.co/sVnJfWVjUp
856,732375214819057664,https://t.co/aA2GiTGvlE
857,732005617171337216,https://t.co/ghyT4Ubk1r
858,731285275100512256,https://t.co/5phLAnGPTP
859,731156023742988288,https://t.co/yGQI3He3xv
860,730924654643314689,https://t.co/2yctWAUZ3Z
861,730573383004487680,https://t.co/CnUl2uDBBV
862,730427201120833536,https://t.co/WyqNFvEulG
863,730211855403241472,https://t.co/K7pthJXjWE
864,730196704625098752,https://t.co/rXvcElhoog
865,729854734790754305,https://t.co/jVxOGKEU0z
866,729838605770891264,https://t.co/85dTK7XCXB
867,729823566028484608,https://t.co/Ebjt6Y4fMh
868,729463711119904772,https://t.co/f2VUpy4WO0
869,729113531270991872,https://t.co/vNjvr5Bl9u
870,728986383096946689,https://t.co/kiuXRXcg4B
871,728760639972315136,https://t.co/Cofwoy7Vpq
872,728751179681943552,https://t.co/XD3ort1PsE
873,728653952833728512,https://t.co/O10zjJ2Ixs
874,728409960103686147,https://t.co/5i8fORVKgr
875,728387165835677696,https://t.co/SiaiTWgsfP
876,728046963732717569,https://t.co/9aMxSbOaAZ
877,728035342121635841,https://t.co/4RlLA5ObMh
878,728015554473250816,https://t.co/Z167HgtnBi
879,727685679342333952,https://t.co/yJ26LNuyj5
880,727644517743104000,https://t.co/qv3aUwaouT
881,727524757080539137,https://t.co/fUyDIFkBwx
882,727314416056803329,https://t.co/SbaelU6zRs
883,727286334147182592,https://t.co/bbta2Q4URK
884,727175381690781696,https://t.co/vXLkvyNQHp
885,726935089318363137,https://t.co/DxlX1yTVYY
886,726887082820554753,https://t.co/2AVcJ2BZsy
887,726828223124897792,https://t.co/DWNrPPXgHA
888,726224900189511680,https://t.co/Rgbni2Ns8z
889,725842289046749185,https://t.co/vtVHtKFtBH
890,725786712245440512,https://t.co/uIdGqug9rw
891,725729321944506368,https://t.co/adQt5a6TZU
892,724983749226668032,https://t.co/qFqLtudIiD
893,724771698126512129,https://t.co/JlFqOhrHEs
894,724405726123311104,https://t.co/nRUaKWnJfH
895,724049859469295616,https://t.co/XTsZTgilnT
896,724046343203856385,https://t.co/pIQEdbBxdL
897,724004602748780546,https://t.co/EdKG43VvEl
898,723912936180330496,https://t.co/AhMfUu6Onm
899,723688335806480385,https://t.co/YgNuDQbv89
900,723673163800948736,https://t.co/Dz6MiVssVU
901,723179728551723008,https://t.co/8dNWp1cSEa
902,722974582966214656,https://t.co/eV1diwds8a
903,722613351520608256,https://t.co/qjd0UJKYUY
904,721503162398597120,https://t.co/IOAk9i4UvE
905,721001180231503872,https://t.co/AFzzKqR4tT
906,720785406564900865,https://t.co/0l4I8famYp
907,720775346191278080,https://t.co/XSEXdQupej
908,720415127506415616,https://t.co/5Lra3e4rrw
909,720389942216527872,https://t.co/Pb6iMmo0wk
910,720340705894408192,https://t.co/BIRRF3bcWH
911,720059472081784833,https://t.co/pRHX8yn9Yu
912,720043174954147842,https://t.co/SoZq2Xoopv
913,719991154352222208,https://t.co/mvnBGaWULV
914,719704490224398336,https://t.co/y206kWHAj0
915,719551379208073216,https://t.co/S6JHaSMtln
916,719367763014393856,https://t.co/7mmjyearQW
917,719339463458033665,https://t.co/HW50zkcf2R
918,719332531645071360,https://t.co/htrlmC7saz
919,718971898235854848,https://t.co/JRckDkZVRT
920,718939241951195136,https://t.co/I9qoe1uEih
921,718631497683582976,https://t.co/D9jbbmPmos
922,718613305783398402,https://t.co/lK9YDkRzPj
923,718540630683709445,https://t.co/zSbyvm62xZ
924,718460005985447936,https://t.co/JyNmyjy3fe
925,718454725339934721,https://t.co/4kD16wMA1Z
926,718246886998687744,https://t.co/FmxOpf2Sgl
927,718234618122661888,https://t.co/05S8oYztgb
928,717841801130979328,https://t.co/ucOEfr2rjV
929,717790033953034240,https://t.co/fv9e9AtzSG
930,717537687239008257,https://t.co/2ATDsgHD4n
931,717421804990701568,https://t.co/LBJqxMGaHi
932,717047459982213120,https://t.co/fGgleFiBPq
933,717009362452090881,https://t.co/JmgF4dMpw0
934,716802964044845056,https://t.co/SbX4e6Yg3o
935,716791146589110272,https://t.co/h0trcJohYO
936,716439118184652801,https://t.co/Kky1DPG4iq
937,716285507865542656,https://t.co/WIWabMngQZ
938,716080869887381504,https://t.co/UACnoyi8zu
939,715928423106027520,https://t.co/3BhMojONxq
940,715733265223708672,https://t.co/cxl6xGY8B9
941,715696743237730304,https://t.co/cYPHuJYTjC
942,715680795826982913,https://t.co/sSugyyRuTp
943,715360349751484417,https://t.co/hwv7Wq6gDA
944,715342466308784130,https://t.co/vSufMAKm3C
945,715220193576927233,https://t.co/1OBdJkMOFx
946,715200624753819648,https://t.co/tvVDY0G911
947,715009755312439296,https://t.co/TjnI33RE1i
948,714982300363173890,https://t.co/jRm5J3YCmj
949,714957620017307648,https://t.co/s8YcfZrWhK
950,714631576617938945,https://t.co/3oeFfHjv0Z
951,714606013974974464,https://t.co/zO4eb7C4tG
952,714258258790387713,https://t.co/Akzl5ynMmE
953,714251586676113411,https://t.co/rDVueNIcEi
954,714214115368108032,https://t.co/YMx4KWJUAB
955,714141408463036416,https://t.co/O2RlKXigHu
956,713919462244790272,https://t.co/7vyAzIURrE
957,713900603437621249,https://t.co/mpvaVxKmc1
958,713761197720473600,https://t.co/QP6GHi5az9
959,713411074226274305,https://t.co/jVJJKlPbvq
960,713177543487135744,https://t.co/SqnG9Ap28J
961,713175907180089344,https://t.co/xT7XaY4gnW
962,712809025985978368,https://t.co/HVGs5aAKAn
963,712717840512598017,https://t.co/83RGhdIQz2
964,712668654853337088,https://t.co/88aedAmxcl
965,712438159032893441,https://t.co/7zjEC501Ul
966,712097430750289920,https://t.co/8AGcQ4hIfK
967,712092745624633345,https://t.co/tA0ZiQ7JcG
968,712085617388212225,https://t.co/yagmFdKlyL
969,712065007010385924,https://t.co/o2GvskrhHt
970,711968124745228288,https://t.co/2e6cUtKUuc
971,711743778164514816,https://t.co/QcSIRDpfVg
972,711732680602345472,https://t.co/1KiuZqqOD4
973,711694788429553666,https://t.co/Ezu6jQrKAZ
974,711652651650457602,https://t.co/Sk3CbhmKSW
975,711363825979756544,https://t.co/nJIXSPfedK
976,711306686208872448,https://t.co/wcwoGOkZvz
977,711008018775851008,https://t.co/68iNM7B5gW
978,710997087345876993,https://t.co/Mv37BHEyyD
979,710844581445812225,https://t.co/UgkTw7TKyM
980,710833117892898816,https://t.co/PmTR4kxZkq
981,710658690886586372,https://t.co/0eb7R1Om12
982,710588934686908417,https://t.co/kzMVMU8HBV
983,710283270106132480,https://t.co/ONuBILIYXZ
984,710272297844797440,https://t.co/odfLzBonG2
985,710269109699739648,https://t.co/OcCDb2bng5
986,710153181850935296,https://t.co/fG5Pk3Et1I
987,710140971284037632,https://t.co/nLuPY3pY12
988,710117014656950272,https://t.co/h1OX2mLtxV
989,709918798883774466,https://t.co/R1gLc5vDqG
990,709901256215666688,https://t.co/ShXk46V13r
991,709852847387627521,https://t.co/BNdVZEHRow
992,709566166965075968,https://t.co/E9jaU59bh9
993,709556954897764353,https://t.co/ijJB0DuOIC
994,709519240576036864,https://t.co/aczGAV2dK4
995,709449600415961088,https://t.co/c6af6nYEPo
996,709409458133323776,https://t.co/Yu0K98VZ9A
997,709225125749587968,https://t.co/k6fEWHSALn
998,709207347839836162,https://t.co/qcZDZGCapg
999,709198395643068416,https://t.co/sedre1ivTK
1000,709158332880297985,https://t.co/FjAj3ggXrR
1001,709042156699303936,https://t.co/7BkkVNu5pd
1002,708845821941387268,https://t.co/5DLJB4ssvI
1003,708834316713893888,https://t.co/Vd2FqHIIGn
1004,708810915978854401,https://t.co/2KcuJXL2r4
1005,708738143638450176,https://t.co/wsCB6LFNxD
1006,708711088997666817,https://t.co/Ah7WlYTUBQ
1007,708479650088034305,https://t.co/uC8kUqAz0W
1008,708469915515297792,https://t.co/VwDc6PTDzk
1009,708356463048204288,https://t.co/oSuEGw0BhX
1010,708349470027751425,https://t.co/tK7a0AxQfd
1011,708149363256774660,https://t.co/VEFkvWCoHF
1012,708130923141795840,https://t.co/XKhobeGuvT
1013,708119489313951744,https://t.co/kDamUfeIpm
1014,708109389455101952,https://t.co/mhPSADiJmZ
1015,708026248782585858,https://t.co/5AJs8TIV1U
1016,707995814724026368,https://t.co/NiQQWzIzzq
1017,707969809498152960,https://t.co/dGoTWNfIsm
1018,707776935007539200,https://t.co/DB8fyeDs8B
1019,707741517457260545,https://t.co/0nMgoue8IR
1020,707693576495472641,https://t.co/84L4ED9Tpi
1021,707610948723478529,https://t.co/oHKJHghrp5
1022,707420581654872064,https://t.co/xOrUyj7K30
1023,707411934438625280,https://t.co/uQsCJ8pf51
1024,707387676719185920,https://t.co/XP5o7zGn0E
1025,707377100785885184,https://t.co/iKThgKnW1j
1026,707315916783140866,https://t.co/BjpOa52jQ4
1027,707297311098011648,https://t.co/B6dmZmJBdK
1028,707059547140169728,https://t.co/D7rorf4YKL
1029,707038192327901184,https://t.co/z0cs7E4Xjj
1030,707021089608753152,https://t.co/gHtW5cgyy7
1031,707014260413456384,https://t.co/15yCmd43zU
1032,706901761596989440,https://t.co/FMUxir5pYu
1033,706681918348251136,https://t.co/CFPIcGcwJv
1034,706644897839910912,https://t.co/cdOkfEpjFw
1035,706593038911545345,https://t.co/6aJrjKfNqX
1036,706538006853918722,https://t.co/bxjO45rXKd
1037,706516534877929472,https://t.co/KUS0xl7XIp
1038,706346369204748288,https://t.co/VZV6oMJmU6
1039,706310011488698368,https://t.co/GGmcTIkBbf
1040,706291001778950144,https://t.co/qy33OBcexg
1041,706265994973601792,https://t.co/lA6a8GefrV
1042,706166467411222528,https://t.co/sA7P3JSqiv
1043,705975130514706432,https://t.co/cfn81n3FLO
1044,705970349788291072,https://t.co/8tjnz1L8DI
1045,705898680587526145,https://t.co/c67nUjwmFs
1046,705786532653883392,https://t.co/xwPE9faVZR
1047,705591895322394625,https://t.co/nPTBsdm3BF
1048,705475953783398401,https://t.co/zQUuVu812n
1049,705442520700944385,https://t.co/EEIkAGVY64
1050,705428427625635840,https://t.co/ih6epBOxIA
1051,705239209544720384,https://t.co/wnsblfu7XE
1052,705223444686888960,https://t.co/YMkxhGWUqv
1053,705102439679201280,https://t.co/Pg18CDFC7Z
1054,705066031337840642,https://t.co/VA6jnNUyuW
1055,704871453724954624,https://t.co/mIQ1KoVsmU
1056,704859558691414016,https://t.co/81mvJ0rGRu
1057,704847917308362754,https://t.co/kQPVxqA3gq
1058,704819833553219584,https://t.co/EatAd8JhyW
1059,704761120771465216,https://t.co/Lu0ECu5tO5
1060,704499785726889984,https://t.co/dlF93GLnDc
1061,704480331685040129,https://t.co/qv6qlEUCEe
1062,704364645503647744,https://t.co/5zX5XD3i6K
1063,704347321748819968,https://t.co/INphk4ltkZ
1064,704113298707505153,https://t.co/XpYMBQ1FD8
1065,704054845121142784,https://t.co/9dpcw6MdWa
1066,703774238772166656,https://t.co/ZvxdB4i9AG
1067,703769065844768768,https://t.co/QQZDCYl6zT
1068,703631701117943808,https://t.co/XTVbSRdvcp
1069,703611486317502464,https://t.co/JSmX1FIEaW
1070,703425003149250560,https://t.co/6JYLpUmBrC
1071,703407252292673536,https://t.co/GUbFF4o6dZ
1072,703382836347330562,https://t.co/B9dOrmnPVt
1073,703356393781329922,https://t.co/8rc5I22bBf
1074,703268521220972544,https://t.co/eBcqv9SPkY
1075,703079050210877440,https://t.co/hMjzhdUHaW
1076,703041949650034688,https://t.co/iHe6liLwWR
1077,702932127499816960,https://t.co/LUFnwzznaV
1078,702684942141153280,https://t.co/d2b5C2R0aO
1079,702671118226825216,https://t.co/MpH1Fe9LhZ
1080,702598099714314240,https://t.co/IpAoztle2s
1081,702539513671897089,https://t.co/4EnShAQjv6
1082,702321140488925184,https://t.co/7u8mM99Tj5
1083,702276748847800320,https://t.co/rSNCEiTtfI
1084,702217446468493312,https://t.co/y35Y1TJERY
1085,701981390485725185,https://t.co/fZRob6eotY
1086,701952816642965504,https://t.co/KInss2PXyX
1087,701889187134500865,https://t.co/rH9SQgZUnQ
1088,701601587219795968,https://t.co/MWw3pVMhJA
1089,701570477911896070,https://t.co/yVdMsVYHIx
1090,701545186879471618,https://t.co/SDVkc4m96M
1091,701214700881756160,https://t.co/JKXh0NbBNL
1092,700890391244103680,https://t.co/TBv7Qh1zxZ
1093,700864154249383937,https://t.co/ItSsE92gCW
1094,700847567345688576,https://t.co/110Eeg7KW3
1095,700796979434098688,https://t.co/5XaR0kj8cr
1096,700747788515020802,https://t.co/22x9SbCYCU
1097,700518061187723268,https://t.co/JQGMP7kzjD
1098,700505138482569216,https://t.co/5fMdH8GFaq
1099,700462010979500032,https://t.co/ALO02IAKCn
1100,700167517596164096,https://t.co/A0h4lnhU4s
1101,700151421916807169,https://t.co/o9aJVPB25n
1102,700143752053182464,https://t.co/Fbdr5orUrJ
1103,700062718104104960,https://t.co/UtFI7eUCjE
1104,700029284593901568,https://t.co/8Nuny4lLE3
1105,700002074055016451,https://t.co/x0ZDlNqfb1
1106,699801817392291840,https://t.co/qI8yvqKG02
1107,699788877217865730,https://t.co/5bjrIRqByp
1108,699779630832685056,https://t.co/B28ebc5LzQ
1109,699775878809702401,https://t.co/TEHu55ZQKD
1110,699691744225525762,https://t.co/ZJnCxlIf62
1111,699446877801091073,https://t.co/9fojElzIxx
1112,699434518667751424,https://t.co/hTE2PEwGvi
1113,699423671849451520,https://t.co/b8ncwl6TlE
1114,699413908797464576,https://t.co/6r4GFZY5WS
1115,699370870310113280,https://t.co/iNFIHvcVur
1116,699323444782047232,https://t.co/Rizm1LWh4z
1117,699088579889332224,https://t.co/VfLoDZecJ7
1118,699079609774645248,https://t.co/A2j2StfNgL
1119,699072405256409088,https://t.co/7WrAWKdBac
1120,699036661657767936,https://t.co/7u6VnZ1UFe
1121,698989035503689728,https://t.co/3BrRIWjG35
1122,698953797952008193,https://t.co/oW9XMYG3F4
1123,698907974262222848,https://t.co/GXq43zFfBu
1124,698710712454139905,https://t.co/rKjK88D05Z
1125,698703483621523456,https://t.co/hEH19t1eFp
1126,698635131305795584,https://t.co/rb8nzVNh7F
1127,698549713696649216,https://t.co/EPdQquc1dG
1128,698355670425473025,https://t.co/MrdPZz1CGk
1129,698342080612007937,https://t.co/VmFfWMjNkp
1130,698262614669991936,https://t.co/S712MJXulD
1131,698195409219559425,https://t.co/GPaoH5qWEk
1132,698178924120031232,https://t.co/BJbtCqGwZK
1133,697995514407682048,https://t.co/yAASRDPJnQ
1134,697990423684476929,https://t.co/MVvbQW88Pv
1135,697943111201378304,https://t.co/e8bj97CisO
1136,697881462549430272,https://t.co/pHktDjpFr8
1137,697616773278015490,https://t.co/Jxd5pR02Cn
1138,697596423848730625,https://t.co/5USjFjKI7Z
1139,697575480820686848,https://t.co/PsqqotpBBQ
1140,697482927769255936,https://t.co/YKvt0J5MXr
1141,697463031882764288,https://t.co/HppvrYuamZ
1142,697270446429966336,https://t.co/7rS33sCKMS
1143,697259378236399616,https://t.co/iAeQNueou8
1144,697255105972801536,https://t.co/Oe0XSGmfoP
1145,697242256848379904,https://t.co/7GQ7BTxywN
1146,696900204696625153,https://t.co/NKuON5Al8i
1147,696894894812565505,https://t.co/RJvUjgGH5z
1148,696886256886657024,https://t.co/WqoZtX9jmJ
1149,696877980375769088,https://t.co/XhR7PAgcwF
1150,696754882863349760,https://t.co/l9k7TPP7Tp
1151,696713835009417216,https://t.co/6J8Ibwy1X6
1152,696488710901260288,https://t.co/zKzq4nIY86
1153,696405997980676096,https://t.co/CIFLjiTFwZ
1154,695816827381944320,https://t.co/VsQdLxrv9h
1155,695794761660297217,https://t.co/PccQ1CFEDd
1156,695767669421768709,https://t.co/U0D1sbIDrG
1157,695629776980148225,https://t.co/NIvxgSQ9BS
1158,695446424020918272,https://t.co/f9qlKiv39T
1159,695409464418041856,https://t.co/lORINwFXIV
1160,695314793360662529,https://t.co/ioFy0cmK03
1161,695095422348574720,https://t.co/2L8pI0Z2Ib
1162,695074328191332352,https://t.co/dH3GzcjCtQ
1163,695064344191721472,https://t.co/uaJmNgXR2P
1164,695051054296211456,https://t.co/vityMwPKKi
1165,694905863685980160,https://t.co/CJJpjTMzPQ
1166,694669722378485760,https://t.co/9mb0P2rjk2
1167,694356675654983680,https://t.co/SQsEBWxPyG
1168,694352839993344000,https://t.co/6NgsQJuSBJ
1169,694329668942569472,https://t.co/oToIkYnEGn
1170,694206574471057408,https://t.co/Sd4qAdSRqI
1171,694183373896572928,https://t.co/pVebzwRioD
1172,694001791655137281,https://t.co/YoII7tWXMT
1173,693942351086120961,https://t.co/LCA6Fr3X2M
1174,693647888581312512,https://t.co/LSTAwTdTaw
1175,693642232151285760,https://t.co/6BS9XEip9a
1176,693629975228977152,https://t.co/Tn9Mp0oPoJ
1177,693622659251335168,https://t.co/a1IrjaID3X
1178,693590843962331137,https://t.co/fShNNhBWYx
1179,693486665285931008,https://t.co/S6cQsIoX27
1180,693280720173801472,https://t.co/UzbhwXcLne
1181,693262851218264065,https://t.co/DYUsHtL2aR
1182,693231807727280129,https://t.co/bpZsGMqVVP
1183,693155686491000832,https://t.co/At8Kxc5H9U
1184,693109034023534592,https://t.co/NY3cPAZAIM
1185,693095443459342336,https://t.co/OhodPIDOpW
1186,692919143163629568,https://t.co/TMpDHHGspy
1187,692905862751522816,https://t.co/EiF659Bgjn
1188,692901601640583168,https://t.co/N0OADmCnVV
1189,692894228850999298,https://t.co/mCqgtqLDCW
1190,692828166163931137,https://t.co/X6X9wM7NuS
1191,692752401762250755,https://t.co/kYWcXbluUu
1192,692568918515392513,https://t.co/CFMjsn3P6B
1193,692535307825213440,https://t.co/Dt360V2MYI
1194,692530551048294401,https://t.co/Iv3flDTpXu
1195,692417313023332352,https://t.co/VGaIMktX10
1196,692187005137076224,https://t.co/krvbacIX0N
1197,692158366030913536,https://t.co/1NgMb9BTWB
1198,692142790915014657,https://t.co/tDkJAnQsbQ
1199,692017291282812928,https://t.co/BE4ahQ0IO2
1200,691820333922455552,https://t.co/fn1oUlS69Z
1201,691756958957883396,https://t.co/frGWV7IP6J
1202,691675652215414786,https://t.co/KMdwNgONkV
1203,691483041324204033,https://t.co/aenk0KpoWM
1204,691459709405118465,https://t.co/LZEi0DpRsH
1205,691444869282295808,https://t.co/YBENhr24FV
1206,691416866452082688,https://t.co/fR1P3g5I6k
1207,691321916024623104,https://t.co/g4fiS8A9Ab
1208,691096613310316544,https://t.co/fUacc13OrW
1209,691090071332753408,https://t.co/MM7tb4HpEY
1210,690959652130045952,https://t.co/DgXYBDMM3E
1211,690938899477221376,https://t.co/HSL3mnP5NX
1212,690932576555528194,https://t.co/FQZGSQIQLS
1213,690735892932222976,https://t.co/YrhkrTsoTt
1214,690728923253055490,https://t.co/qOD4G19A2u
1215,690690673629138944,https://t.co/yS7T4gxKod
1216,690649993829576704,https://t.co/CneG2ZbxHP
1217,690597161306841088,https://t.co/Nwi3SYe8KA
1218,690400367696297985,https://t.co/PlEXTofdpf
1219,690374419777196032,https://t.co/VpfFCKE28C
1220,690360449368465409,https://t.co/B9ZXXKJYNx
1221,690248561355657216,https://t.co/IF5kKaO945
1222,690021994562220032,https://t.co/TmlwQWnmRC
1223,690015576308211712,https://t.co/03XlvS8izg
1224,690005060500217858,https://t.co/V8HcVIh4jt
1225,689999384604450816,https://t.co/fgMaP2zDMt
1226,689977555533848577,https://t.co/MXedEzSHIf
1227,689905486972461056,https://t.co/IE4ZblyZRY
1228,689877686181715968,https://t.co/5iH08ltkoe
1229,689835978131935233,https://t.co/MuqHPvtL8c
1230,689661964914655233,https://t.co/VcxZQPNZaV
1231,689659372465688576,https://t.co/XtDkrsdEfF
1232,689623661272240129,https://t.co/QnvSjjyh7n
1233,689599056876867584,https://t.co/TRAri5iHzd
1234,689557536375177216,https://t.co/WFh2FEbYzj
1235,689517482558820352,https://t.co/Wk3XCnmDvm
1236,689289219123089408,https://t.co/Rxrd4hPmp4
1237,689283819090870273,https://t.co/V62rIva61J
1238,689280876073582592,https://t.co/JR7hLnlgeS
1239,689275259254616065,https://t.co/K55XrIoePl
1240,689154315265683456,https://t.co/o47yitCn9N
1241,689143371370250240,https://t.co/40w7TI5Axv
1242,688916208532455424,https://t.co/A8X8fwS78x
1243,688908934925697024,https://t.co/WpSFZm7RPH
1244,688898160958271489,https://t.co/MfEaMUFYTx
1245,688894073864884227,https://t.co/ROPZcAMQKI
1246,688828561667567616,https://t.co/dfCCK3tWfr
1247,688804835492233216,https://t.co/PMeq6IedU7
1248,688789766343622656,https://t.co/2TWxg0rgyG
1249,688547210804498433,https://t.co/7ycWCUrjmZ
1250,688519176466644993,https://t.co/glmvQBRjv4
1251,688385280030670848,https://t.co/vz2DukO0th
1252,688211956440801280,https://t.co/o4Nfc8WoAO
1253,688179443353796608,https://t.co/mFhvtX36om
1254,688116655151435777,https://t.co/YdLytdZOqv
1255,688064179421470721,https://t.co/GS76SfkraY
1256,687826841265172480,https://t.co/17RGvOZO9P
1257,687818504314159109,https://t.co/hK6xB042EP
1258,687807801670897665,https://t.co/c98k1IoZKy
1259,687704180304273409,https://t.co/UwOV1jqKRt
1260,687664829264453632,https://t.co/IAt3jRZ5ez
1261,687494652870668288,https://t.co/MHScqo5l8c
1262,687480748861947905,https://t.co/X5w387K5jr
1263,687476254459715584,https://t.co/1DzInODwrj
1264,687460506001633280,https://t.co/jIcVW0xxmH
1265,687317306314240000,https://t.co/pRp1Npucbz
1266,687312378585812992,https://t.co/yzGR9xjE9Q
1267,687127927494963200,https://t.co/a34N7QwKbb
1268,687124485711986689,https://t.co/03vR9dn7jy
1269,687109925361856513,https://t.co/LHcH1yhhIb
1270,687102708889812993,https://t.co/A88x73TwMN
1271,687096057537363968,https://t.co/D7jYj6vdwC
1272,686947101016735744,https://t.co/lJs10ZJsgj
1273,686749460672679938,https://t.co/nSQrhwbk1V
1274,686730991906516992,https://t.co/Kc84eFNhYU
1275,686683045143953408,https://t.co/pgD6h0yhgz
1276,686618349602762752,https://t.co/yJVTi1DjJc
1277,686606069955735556,https://t.co/tB9xYjMyZd
1278,686386521809772549,https://t.co/J5aI7SjzDc
1279,686377065986265092,https://t.co/oDkspjNWYX
1280,686358356425093120,https://t.co/95JJevQOWW
1281,686050296934563840,https://t.co/BUyX7isHRg
1282,686034024800862208,https://t.co/oSvRDuMm1D
1283,686007916130873345,https://t.co/heAGpKTpPW
1284,686003207160610816,https://t.co/NOIiRWr5Jf
1285,685973236358713344,https://t.co/xbUoULOIS8
1286,685943807276412928,https://t.co/wbAcvFoNtn
1287,685906723014619143,https://t.co/NnLjg6BgyF
1288,685667379192414208,https://t.co/u427woxFpJ
1289,685663452032069632,https://t.co/AcVWe39nmM
1290,685641971164143616,https://t.co/jJS8qQeuNO
1291,685547936038666240,https://t.co/3m6bNGXWnM
1292,685532292383666176,https://t.co/GboDG8WhJG
1293,685325112850124800,https://t.co/VGPH0TfESw
1294,685321586178670592,https://t.co/MbgG95mUdu
1295,685315239903100929,https://t.co/QIe7oxkSNo
1296,685307451701334016,https://t.co/rwW7z1JAOF
1297,685268753634967552,https://t.co/vzCl35fKlZ
1298,685198997565345792,https://t.co/530Yfbl5xo
1299,685169283572338688,https://t.co/UfGkB9Wrud
1300,684959798585110529,https://t.co/85q7xlplsJ
1301,684940049151070208,https://t.co/zNeLxJeAoL
1302,684926975086034944,https://t.co/PEXHuvSVD4
1303,684914660081053696,https://t.co/AMDsllQs7a
1304,684902183876321280,https://t.co/JVvIrUmTkR
1305,684880619965411328,https://t.co/DnNweb5eTO
1306,684800227459624960,https://t.co/J3Ld4fRbSy
1307,684594889858887680,https://t.co/uhQNehTpIu
1308,684567543613382656,https://t.co/b8XW69gSaU
1309,684538444857667585,https://t.co/IKoRK4yoxV
1310,684481074559381504,https://t.co/nBtDeZ4yAb
1311,684460069371654144,https://t.co/bicyOV6lju
1312,684241637099323392,https://t.co/feiPiq7z94
1313,684225744407494656,https://t.co/kRK51Y5ac3
1314,684222868335505415,https://t.co/1zfnTJLt55
1315,684200372118904832,https://t.co/jkCb25OWfh
1316,684195085588783105,https://t.co/cUxGtnBfc2
1317,684188786104872960,https://t.co/e0gbl9VFpA
1318,684177701129875456,https://t.co/myUUwqJIs7
1319,684122891630342144,https://t.co/k32mSlRx0j
1320,684097758874210310,https://t.co/Fz6iZWlk8C
1321,683857920510050305,https://t.co/LoKVvc1xAW
1322,683852578183077888,https://t.co/Yei0HzS3JN
1323,683849932751646720,https://t.co/omln4LOy1x
1324,683834909291606017,https://t.co/O1E4AtHVxO
1325,683828599284170753,https://t.co/Eeh3yfdglS
1326,683773439333797890,https://t.co/qipZbshNsR
1327,683742671509258241,https://t.co/eoL1bCpWCg
1328,683498322573824003,https://t.co/ObWcOEekt0
1329,683481228088049664,https://t.co/H7NZFumpKq
1330,683462770029932544,https://t.co/qFD8217fUT
1331,683449695444799489,https://t.co/1Z7Q6svWpe
1332,683391852557561860,https://t.co/YHXrdUTHd6
1333,683357973142474752,https://t.co/g4G5tvfTVd
1334,683142553609318400,https://t.co/hhIA3coiAJ
1335,683111407806746624,https://t.co/h3X0jK8MVM
1336,683098815881154561,https://t.co/UOPdXmUz4H
1337,683078886620553216,https://t.co/ny8mnXhGOW
1338,683030066213818368,https://t.co/h3ScYuz77J
1339,682962037429899265,https://t.co/7EsP8LmSp5
1340,682788441537560576,https://t.co/ZSdEj59FGf
1341,682750546109968385,https://t.co/85X1GHohFr
1342,682697186228989953,https://t.co/Ny4iM6FDtz
1343,682662431982772225,https://t.co/WgQTIQ93BB
1344,682638830361513985,https://t.co/viwWHZgX8j
1345,682429480204398592,https://t.co/5aFw7SWyxU
1346,682406705142087680,https://t.co/J9DXBFoAQe
1347,682393905736888321,https://t.co/BA5AV5dx6Y
1348,682389078323662849,https://t.co/vBeiQq6SaZ
1349,682303737705140231,https://t.co/Nm8Spw4HbD
1350,682259524040966145,https://t.co/i5TeG0KYcW
1351,682242692827447297,https://t.co/f8dVgDYDFf
1352,682059653698686977,https://t.co/IriJlVZ6m4
1353,682047327939461121,https://t.co/fZc7MixeeT
1354,682032003584274432,https://t.co/gPmJHmtgak
1355,682003177596559360,https://t.co/Hy9La4xNX3
1356,681981167097122816,https://t.co/VwdIk0OwVx
1357,681891461017812993,https://t.co/9KThv6z8u5
1358,681694085539872773,https://t.co/TONMhRoQh7
1359,681679526984871937,https://t.co/3uCcDEJLXs
1360,681654059175129088,https://t.co/oEXEKt3MHu
1361,681610798867845120,https://t.co/C7M8mnzHIK
1362,681579835668455424,https://t.co/ojUBrDCHLT
1363,681523177663676416,https://t.co/GQn2IopLud
1364,681339448655802368,https://t.co/V3SWuHACkh
1365,681320187870711809,https://t.co/jTBPqKgkz7
1366,681302363064414209,https://t.co/YqbU9xHV3p
1367,681297372102656000,https://t.co/Pp26dMQxap
1368,681281657291280384,https://t.co/KvVoBIgkje
1369,681261549936340994,https://t.co/wL1iDvbcVk
1370,681242418453299201,https://t.co/VGsziXImoy
1371,681231109724700672,https://t.co/P16uhh1PbI
1372,681193455364796417,https://t.co/oBlgL9nxpx
1373,680970795137544192,https://t.co/CXSJZ4Stk3
1374,680959110691590145,https://t.co/u4FYdIRKnY
1375,680940246314430465,https://t.co/VQXdwJfkyS
1376,680934982542561280,https://t.co/g2bTu4ayPl
1377,680913438424612864,https://t.co/5NrpNDyFzN
1378,680889648562991104,https://t.co/cH2H7mch2H
1379,680836378243002368,https://t.co/BF4BW8LUgb
1380,680801747103793152,https://t.co/31npKUAox0
1381,680798457301471234,https://t.co/w6fRfQ3RXD
1382,680609293079592961,https://t.co/WvJRg0XJit
1383,680583894916304897,https://t.co/YNWU7LeFgg
1384,680497766108381184,https://t.co/QGM5Fcuv7s
1385,680494726643068929,https://t.co/eNm2S6p9BD
1386,680473011644985345,https://t.co/OdUFuZIXiI
1387,680440374763077632,https://t.co/UKqIAnR3He
1388,680221482581123072,https://t.co/ZJUypFFwvg
1389,680206703334408192,https://t.co/vHnu1g9EJm
1390,680191257256136705,https://t.co/KXg0f8GNQ9
1391,680176173301628928,https://t.co/NhXo67K6yt
1392,680161097740095489,https://t.co/72Dil0Aktw
1393,680145970311643136,https://t.co/N5pM6WBx7e
1394,680130881361686529,https://t.co/w0dcGXq7qK
1395,680115823365742593,https://t.co/Kt9vmw0Fap
1396,680100725817409536,https://t.co/lvMYbmKq8H
1397,680085611152338944,https://t.co/etzLo3sdZE
1398,680070545539371008,https://t.co/Fh7geodBCU
1399,680055455951884288,https://t.co/MQfPK4zwuh
1400,679877062409191424,https://t.co/SDcQYg0HSZ
1401,679862121895714818,https://t.co/eRZRI8OTj7
1402,679854723806179328,https://t.co/RtxxACzZ8A
1403,679844490799091713,https://t.co/MJqygWqt8X
1404,679828447187857408,https://t.co/hyAC5Hq9GC
1405,679777920601223168,https://t.co/PA0czwucsb
1406,679736210798047232,https://t.co/iazoiNUviP
1407,679729593985699840,https://t.co/DbUTDI3u1R
1408,679722016581222400,https://t.co/NL5QJwdEpF
1409,679530280114372609,https://t.co/yavgkHYPOC
1410,679527802031484928,https://t.co/DA5aqnSGfB
1411,679511351870550016,https://t.co/bwuV6FlRxr
1412,679503373272485890,https://t.co/jjW7zTxY9Z
1413,679475951516934144,https://t.co/VITeF0Kl9L
1414,679462823135686656,https://t.co/M6vqkt2GKV
1415,679158373988876288,https://t.co/NLOHmlENag
1416,679148763231985668,https://t.co/eWjWgbOCYL
1417,679132435750195208,https://t.co/qoIvjKMY58
1418,679111216690831360,https://t.co/4R0Cc0sLVE
1419,679062614270468097,https://t.co/Xl37lQEWd0
1420,679047485189439488,https://t.co/kTpr9PTMg1
1421,678991772295516161,https://t.co/GJT6SILPGU
1422,678969228704284672,https://t.co/etpBNXwN7f
1423,678800283649069056,https://t.co/DpCSVsl6vu
1424,678798276842360832,https://t.co/blaY85FIxR
1425,678774928607469569,https://t.co/Sp739Ou2qx
1426,678767140346941444,https://t.co/G6TQVgTcZz
1427,678764513869611008,https://t.co/m6XoclB0qv
1428,678755239630127104,https://t.co/NqcOwG8pxW
1429,678740035362037760,https://t.co/p2T5kGebxe
1430,678675843183484930,https://t.co/a8SqCaSo2r
1431,678643457146150913,https://t.co/QBGwYrT7rv
1432,678446151570427904,https://t.co/AJWJHov5gx
1433,678424312106393600,https://t.co/rtMtjSl9pz
1434,678410210315247616,https://t.co/dIy88HwrX8
1435,678399652199309312,https://t.co/VRTbo3aAcm
1436,678396796259975168,https://t.co/LmThv0GWen
1437,678389028614488064,https://t.co/auOoKuoveM
1438,678380236862578688,https://t.co/a0Zx5LDFZa
1439,678341075375947776,https://t.co/cSp6w5GWgm
1440,678334497360859136,https://t.co/GO76MdGBs0
1441,678278586130948096,https://t.co/JK8MByRzgj
1442,678255464182861824,https://t.co/nZhmRwZzWv
1443,678021115718029313,https://t.co/cbLroGCbmh
1444,677918531514703872,https://t.co/lWL2IMJqLR
1445,677895101218201600,https://t.co/EJImi1udYb
1446,677716515794329600,https://t.co/ZanVtAtvIq
1447,677700003327029250,https://t.co/zoDdPyPFsa
1448,677698403548192770,https://t.co/fm7HxOsuPK
1449,677687604918272002,https://t.co/gzkuVGRgAD
1450,677673981332312066,https://t.co/GFVIHIod0Z
1451,677662372920729601,https://t.co/pvjdRn00XH
1452,677644091929329666,https://t.co/Ozo9KHTRND
1453,677573743309385728,https://t.co/Htu8plSqEu
1454,677565715327688705,https://t.co/EX9oR55VMe
1455,677557565589463040,https://t.co/96IBkOYB7j
1456,677547928504967168,https://t.co/AGag0hFHpe
1457,677530072887205888,https://t.co/DKe9DBnnHE
1458,677334615166730240,https://t.co/KmMv3Y2zI8
1459,677331501395156992,https://t.co/FS7eJQM2F4
1460,677328882937298944,https://t.co/KgcsGNb61s
1461,677314812125323265,https://t.co/fgORpmTN9C
1462,677301033169788928,https://t.co/IoLRvF0Kak
1463,677269281705472000,https://t.co/ep8ATEJwRb
1464,677228873407442944,https://t.co/hGkMCjZzn4
1465,677187300187611136,https://t.co/gzI0m6wXRo
1466,676975532580409345,https://t.co/j1zczS0lI5
1467,676957860086095872,https://t.co/ngTNXYQF0L
1468,676949632774234114,https://t.co/HqM3YhCaaa
1469,676948236477857792,https://t.co/Lo4ALwjVh4
1470,676946864479084545,https://t.co/2mXALbgBTV
1471,676942428000112642,https://t.co/PWMqAoEx2a
1472,676936541936185344,https://t.co/mqvaxleHRz
1473,676897532954456065,https://t.co/Avq4awulqk
1474,676864501615042560,https://t.co/NJj2uP0atK
1475,676821958043033607,https://t.co/mvQaETHVSb
1476,676819651066732545,https://t.co/1HrFdo7M0C
1477,676811746707918848,https://t.co/aqBHjjh5VD
1478,676776431406465024,https://t.co/4rMZi5Ca1k
1479,676617503762681856,https://t.co/mpQl2rJjDh
1480,676613908052996102,https://t.co/vQ2Lw1BLBF
1481,676606785097199616,https://t.co/N5QL4ySBEx
1482,676603393314578432,https://t.co/g1tLGkyaxr
1483,676588346097852417,https://t.co/Nrhvc5tLFT
1484,676582956622721024,https://t.co/vZYtynZZlH
1485,676575501977128964,https://t.co/NsGyECJuq7
1486,676533798876651520,https://t.co/bfw13CnuuZ
1487,676496375194980353,https://t.co/eoBCjSFajX
1488,676470639084101634,https://t.co/tAmQYvzrau
1489,676440007570247681,https://t.co/dB0H9hdZai
1490,676430933382295552,https://t.co/3bim9U5Idr
1491,676263575653122048,https://t.co/fTgbq1UBR9
1492,676237365392908289,https://t.co/dOLQddhXLZ
1493,676219687039057920,https://t.co/uQt37xlYMJ
1494,676215927814406144,https://t.co/tg8h9lzCHv
1495,676191832485810177,https://t.co/gwryaJO4tC
1496,676146341966438401,https://t.co/lmQRrNxaQu
1497,676101918813499392,https://t.co/B3xxSLjQSH
1498,676098748976615425,https://t.co/REyE5YKVBb
1499,676089483918516224,https://t.co/Cuz0Osnekp
1500,675898130735476737,https://t.co/G0pQiFGM7O
1501,675891555769696257,https://t.co/kiW6Knb7Gp
1502,675888385639251968,https://t.co/06oZdehGEa
1503,675878199931371520,https://t.co/sfsVCGIipI
1504,675870721063669760,https://t.co/QG708dDNH6
1505,675853064436391936,https://t.co/y93p6FLvVw
1506,675845657354215424,https://t.co/40dj4eTsXG
1507,675822767435051008,https://t.co/GK2HJtkdQk
1508,675820929667219457,https://t.co/lyXX3v5j4s
1509,675798442703122432,https://t.co/whQKMygnK6
1510,675781562965868544,https://t.co/DVAqAnb624
1511,675740360753160193,https://t.co/AUJi8ujxw9
1512,675710890956750848,https://t.co/JWi6YrpiO1
1513,675707330206547968,https://t.co/ALJvbtcwf0
1514,675706639471788032,https://t.co/7E0AiJXPmI
1515,675534494439489536,https://t.co/H7kpabTfLj
1516,675531475945709568,https://t.co/c9jmg3Xtzn
1517,675522403582218240,https://t.co/rO2zxf0OQ0
1518,675517828909424640,https://t.co/XDiQw4Akiw
1519,675501075957489664,https://t.co/WId5lxNdPH
1520,675497103322386432,https://t.co/h3AWz4AzuC
1521,675483430902214656,https://t.co/C3tlKVq7eO
1522,675432746517426176,https://t.co/wNkqAED6lG
1523,675372240448454658,https://t.co/IyAXinfyju
1524,675362609739206656,https://t.co/cZlkvgRPdn
1525,675354435921575936,https://t.co/Bb3xnpsWBC
1526,675349384339542016,https://t.co/ZQZf2U4xCP
1527,675334060156301312,https://t.co/2d68FmWGGs
1528,675166823650848770,https://t.co/bijCeHeX4C
1529,675153376133427200,https://t.co/RDXCfk8hK0
1530,675149409102012420,https://t.co/p6O8X93bTQ
1531,675147105808306176,https://t.co/f50mbB4UWS
1532,675146535592706048,https://t.co/Uz52oYnHzF
1533,675145476954566656,https://t.co/YDgstgIDGs
1534,675135153782571009,https://t.co/zf7Sxxjfp3
1535,675113801096802304,https://t.co/2H5SKmk0k7
1536,675111688094527488,https://t.co/lFU9W31Fg9
1537,675109292475830276,https://t.co/WjcELNEqN2
1538,675047298674663426,https://t.co/diboDRUuEI
1539,675015141583413248,https://t.co/JAncIdNp8G
1540,675006312288268288,https://t.co/QMmAqA9VqO
1541,675003128568291329,https://t.co/pCGDgLkLo6
1542,674999807681908736,https://t.co/i9CDd1oEu8
1543,674805413498527744,https://t.co/vqFkgYPCW8
1544,674800520222154752,https://t.co/cMI2AcLm4B
1545,674793399141146624,https://t.co/HwroPYv8pY
1546,674790488185167872,https://t.co/L1puJISV1a
1547,674788554665512960,https://t.co/P3ElQ2wsjb
1548,674781762103414784,https://t.co/ot8yMUGodj
1549,674774481756377088,https://t.co/gxIFgg8ktm
1550,674767892831932416,https://t.co/Bob33W4sfD
1551,674764817387900928,https://t.co/RBiQ8hPqwr
1552,674754018082705410,https://t.co/9YmNcxA2Cc
1553,674752233200820224,https://t.co/rLf7asnHxO
1554,674743008475090944,https://t.co/VagYftZccT
1555,674739953134403584,https://t.co/URNs5zFskc
1556,674737130913071104,https://t.co/KNfLnYPmYh
1557,674690135443775488,https://t.co/Unz1uNrOzo
1558,674670581682434048,https://t.co/NRNExUy9Hm
1559,674664755118911488,https://t.co/S8wCLemrNb
1560,674646392044941312,https://t.co/YPfw7oahbD
1561,674644256330530816,https://t.co/m6aC8d1Kzp
1562,674638615994089473,https://t.co/F33n1hy3LL
1563,674632714662858753,https://t.co/EJzzNHE8bE
1564,674468880899788800,https://t.co/6d9WziPXmx
1565,674447403907457024,https://t.co/AyJ7Ohk71f
1566,674436901579923456,https://t.co/CLEOjxhTEx
1567,674422304705744896,https://t.co/BxTJAFSIgk
1568,674416750885273600,https://t.co/7qjXy1uUYY
1569,674410619106390016,https://t.co/CZ0YaB40Hn
1570,674394782723014656,https://t.co/cAlB4XCcsi
1571,674372068062928900,https://t.co/G4m0TFY9uc
1572,674318007229923329,https://t.co/7mf8XXPAZv
1573,674291837063053312,https://t.co/2S6oye3XqK
1574,674271431610523648,https://t.co/3aXX6wH6it
1575,674269164442398721,https://t.co/vYe9RlVz2N
1576,674265582246694913,https://t.co/Pu9RhfHDEQ
1577,674262580978937856,https://t.co/gJS1qU0jP7
1578,674255168825880576,https://t.co/r6LZN1o1Gx
1579,674082852460433408,https://t.co/Bko5kFJYUU
1580,674075285688614912,https://t.co/7jOPktauh4
1581,674063288070742018,https://t.co/1ZbfqAVDg6
1582,674053186244734976,https://t.co/gQAMg5ypW5
1583,674051556661161984,https://t.co/YE2XDHy4Yk
1584,674045139690631169,https://t.co/t5ih0VrK02
1585,674042553264685056,https://t.co/sAI6gCGZYX
1586,674038233588723717,https://t.co/nX8FiGRHvk
1587,674036086168010753,https://t.co/jcNdw43BIP
1588,674024893172875264,https://t.co/qzYXbyv0SJ
1589,674019345211760640,https://t.co/fqiEsTduEs
1590,674014384960745472,https://t.co/Ac37LOe3xD
1591,674008982932058114,https://t.co/PiSXXZjDSJ
1592,673956914389192708,https://t.co/nyReCVRiyd
1593,673919437611909120,https://t.co/cdwPTsGEAb
1594,673906403526995968,https://t.co/t5rQHl6W8M
1595,673887867907739649,https://t.co/6qYd6BNSPd
1596,673715861853720576,https://t.co/dFiaKZ9cDl
1597,673711475735838725,https://t.co/MTOOksRzvH
1598,673709992831262724,https://t.co/s2ktuPQd79
1599,673708611235921920,https://t.co/kLV8zUCfc8
1600,673707060090052608,https://t.co/QyH1CaY3SM
1601,673705679337693185,https://t.co/Ymg4fwKlZd
1602,673700254269775872,https://t.co/mcPd5AFfhA
1603,673697980713705472,https://t.co/lepRCaGcgw
1604,673689733134946305,https://t.co/YPsJasNVGe
1605,673688752737402881,https://t.co/jMki5GOV3y
1606,673686845050527744,https://t.co/wImU0jdx3E
1607,673680198160809984,https://t.co/GwvpQiQ7oQ
1608,673662677122719744,https://t.co/fJulMurnfj
1609,673656262056419329,https://t.co/PN8hxgZ9We
1610,673636718965334016,https://t.co/gKlLpNzIl3
1611,673612854080196609,https://t.co/0iyItbtkr8
1612,673583129559498752,https://t.co/JpoEvgbDug
1613,673580926094458881,https://t.co/H6rqZyE4NP
1614,673576835670777856,https://t.co/WlKiN3ll0w
1615,673363615379013632,https://t.co/m8r9rbcgX4
1616,673359818736984064,https://t.co/EPq0MRAraJ
1617,673355879178194945,https://t.co/0zUxlrhZrQ
1618,673352124999274496,https://t.co/az5PLGzVNJ
1619,673350198937153538,https://t.co/RMv9EAv57u
1620,673345638550134785,https://t.co/GpSkpN8kXS
1621,673343217010679808,https://t.co/dNUbKOSiWW
1622,673342308415348736,https://t.co/w0YTuiRd1a
1623,673320132811366400,https://t.co/iJABMhVidf
1624,673317986296586240,https://t.co/juX48bWpng
1625,673295268553605120,https://t.co/U36HYQIijg
1626,673270968295534593,https://t.co/mjC0QpXGum
1627,673240798075449344,https://t.co/1euKoOvy49
1628,673213039743795200,https://t.co/CbvCUE6PFI
1629,673148804208660480,https://t.co/tA4WpkI2cw
1630,672997845381865473,https://t.co/dph1UHNJrg
1631,672995267319328768,https://t.co/odpuqtz2Fq
1632,672988786805112832,https://t.co/a3zYMcvbXG
1633,672984142909456390,https://t.co/81BCQAyvcs
1634,672980819271634944,https://t.co/ufHWUFA9Pu
1635,672975131468300288,https://t.co/ZlcF0TIRW1
1636,672970152493887488,https://t.co/eb4ta0xtnd
1637,672968025906282496,https://t.co/7CbO2eMAgJ
1638,672964561327235073,https://t.co/1ui7a1ZLTT
1639,672902681409806336,https://t.co/KpLyca3o3E
1640,672898206762672129,https://t.co/i4XJEWwdsp
1641,672884426393653248,https://t.co/g5YkRqP0dg
1642,672877615439593473,https://t.co/dJHI7uC2y3
1643,672834301050937345,https://t.co/BIljU0zhLN
1644,672828477930868736,https://t.co/fvxHL6cRRs
1645,672640509974827008,https://t.co/uNrmYDUa9M
1646,672622327801233409,https://t.co/Cv7dRdcMvQ
1647,672614745925664768,https://t.co/ntxsR98f3U
1648,672609152938721280,https://t.co/YAVwvNaois
1649,672604026190569472,https://t.co/xHXNaPAYRe
1650,672594978741354496,https://t.co/jyXbZ35MYz
1651,672591762242805761,https://t.co/bWQ0iIcP0w
1652,672591271085670400,https://t.co/Pa8EmpDCuI
1653,672538107540070400,https://t.co/rSndxTL0Ap
1654,672523490734551040,https://t.co/EH0N3dFKUi
1655,672488522314567680,https://t.co/rVfi6CCidK
1656,672482722825261057,https://t.co/LPPa3btIIt
1657,672481316919734272,https://t.co/mVCMemhXAP
1658,672475084225949696,https://t.co/mYhQvAdV4f
1659,672466075045466113,https://t.co/8lKFBOQ2J5
1660,672272411274932228,https://t.co/ZICNl6tIr5
1661,672267570918129665,https://t.co/jDXxZARQIZ
1662,672264251789176834,https://t.co/TUeuaOmunV
1663,672256522047614977,https://t.co/PoMKKnKpRd
1664,672254177670729728,https://t.co/OO6MqEbqG3
1665,672248013293752320,https://t.co/uhx5gfpx5k
1666,672245253877968896,https://t.co/aCRKDaFmVr
1667,672239279297454080,https://t.co/UHJE0UgMf7
1668,672231046314901505,https://t.co/WH7Nzc5IBA
1669,672222792075620352,https://t.co/EW4MsOrF5O
1670,672205392827572224,https://t.co/yRBQF9OS7D
1671,672169685991993344,https://t.co/AjBkGTyCeO
1672,672160042234327040,https://t.co/aNkkl5nH3W
1673,672139350159835138,https://t.co/0OI927mmNJ
1674,672125275208069120,https://t.co/LquQZiZjJP
1675,672095186491711488,https://t.co/ujnWy26RMe
1676,672082170312290304,https://t.co/WTJtf9O8Jg
1677,672068090318987265,https://t.co/XkMtCGhr4a
1678,671896809300709376,https://t.co/eqmkr2gmPH
1679,671891728106971137,https://t.co/dzZYx2NByW
1680,671882082306625538,https://t.co/Clg16EVy9O
1681,671879137494245376,https://t.co/vPXKSaNsbE
1682,671874878652489728,https://t.co/3J7wkwW4FG
1683,671866342182637568,https://t.co/FWJQ1zQLiI
1684,671855973984772097,https://t.co/gpWLdbposg
1685,671789708968640512,https://t.co/SfPQ2KeLdq
1686,671768281401958400,https://t.co/TASnD8Q08S
1687,671763349865160704,https://t.co/m9NleZ1i80
1688,671744970634719232,https://t.co/wwwYO9C9kl
1689,671743150407421952,https://t.co/2IslQ8ZSc7
1690,671735591348891648,https://t.co/TON0Irzgwr
1691,671729906628341761,https://t.co/DaD5SyajWt
1692,671561002136281088,https://t.co/q6RsuOVYwU
1693,671547767500775424,https://t.co/f99MV0htAV
1694,671544874165002241,https://t.co/QVaEMsB9tS
1695,671542985629241344,https://t.co/zzueJV9jCF
1696,671538301157904385,https://t.co/fUuiyu2QTD
1697,671536543010570240,https://t.co/1U5Ro5FA4c
1698,671533943490011136,https://t.co/pcx8jm1J1K
1699,671528761649688577,https://t.co/HwiLcDPaCi
1700,671520732782923777,https://t.co/C7dPcCUNpF
1701,671518598289059840,https://t.co/nLQoltwEZ7
1702,671511350426865664,https://t.co/OgDF2ES3Q9
1703,671504605491109889,https://t.co/mGW5c50mPA
1704,671497587707535361,https://t.co/EY1uZJUGYJ
1705,671488513339211776,https://t.co/CwUK5AIgeD
1706,671486386088865792,https://t.co/ympkwF65Dx
1707,671485057807351808,https://t.co/CqcRagJlyS
1708,671390180817915904,https://t.co/U1mSS3Ykez
1709,671362598324076544,https://t.co/onC3uMpFF2
1710,671357843010908160,https://t.co/lS1TIDagIb
1711,671355857343524864,https://t.co/FoCULrC3rD
1712,671347597085433856,https://t.co/svlkUlg3NH
1713,671186162933985280,https://t.co/96tMaWyoWt
1714,671182547775299584,https://t.co/F7xwE0wmnu
1715,671166507850801152,https://t.co/gFl60yFJ0w
1716,671163268581498880,https://t.co/U7DQQdZ0mX
1717,671159727754231808,https://t.co/iHLo9rGay1
1718,671154572044468225,https://t.co/RcksaUrGNu
1719,671151324042559489,https://t.co/NKHx0pcOii
1720,671147085991960577,https://t.co/34OhVhMkVr
1721,671141549288370177,https://t.co/HYR611wiA4
1722,671138694582165504,https://t.co/ycVJyFFkES
1723,671134062904504320,https://t.co/BHxr9O7wJY
1724,671122204919246848,https://t.co/WzVLdSHJU7
1725,671115716440031232,https://t.co/mZD7Bo7HfV
1726,671109016219725825,https://t.co/sYi2G0he4H
1727,670995969505435648,https://t.co/N9W5L7BLTm
1728,670842764863651840,https://t.co/yfAAo1gdeY
1729,670840546554966016,https://t.co/jBnz3MjTzX
1730,670838202509447168,https://t.co/QY5uvMmmQk
1731,670833812859932673,https://t.co/459qWNnV3F
1732,670832455012716544,https://t.co/Hj2HtxpcSx
1733,670826280409919488,https://t.co/XOPXCSXiUT
1734,670823764196741120,https://t.co/m3ufSDwHHJ
1735,670822709593571328,https://t.co/yrqGyMZhW6
1736,670815497391357952,https://t.co/nLYruSMRe6
1737,670811965569282048,https://t.co/eYP9i9gfYn
1738,670807719151067136,https://t.co/idzH8JH06g
1739,670804601705242624,https://t.co/DM3ZP3AA7b
1740,670803562457407488,https://t.co/9ZuGAmLZDR
1741,670797304698376195,https://t.co/yqohZK4CL0
1742,670792680469889025,https://t.co/gTy4WMXu8l
1743,670789397210615808,https://t.co/RGcNPsmAfY
1744,670786190031921152,https://t.co/3r7wznfuoa
1745,670783437142401025,https://t.co/jxukeh2BeO
1746,670782429121134593,https://t.co/6dioUL6gcP
1747,670780561024270336,https://t.co/Viu56hVhhP
1748,670778058496974848,https://t.co/4g5kFdxp6g
1749,670764103623966721,https://t.co/ZfS7chSsi7
1750,670755717859713024,https://t.co/F6bI9dF16E
1751,670733412878163972,https://t.co/NsDIt8Z80Z
1752,670727704916926465,https://t.co/SWnrQAFOtt
1753,670717338665226240,https://t.co/W2MCt9pTed
1754,670704688707301377,https://t.co/I1lMUy1FqH
1755,670691627984359425,https://t.co/eCVj2xT59V
1756,670679630144274432,https://t.co/HMcD9SLOAN
1757,670676092097810432,https://t.co/IAc1QCczMc
1758,670668383499735048,https://t.co/NECxEHN5YU
1759,670474236058800128,https://t.co/7JMAHdJ6A4
1760,670468609693655041,https://t.co/dupWSIpSrG
1761,670465786746662913,https://t.co/2BnCLtJMxD
1762,670452855871037440,https://t.co/35BcGFdEAK
1763,670449342516494336,https://t.co/cixC0M3P1e
1764,670444955656130560,https://t.co/J5Mqn8VeYq
1765,670442337873600512,https://t.co/mzPoS9wCqp
1766,670435821946826752,https://t.co/sQuKwSKtDE
1767,670434127938719744,https://t.co/cwoP1ftbrj
1768,670433248821026816,https://t.co/PXnCdz8qzK
1769,670428280563085312,https://t.co/Fm1SvVLsad
1770,670427002554466305,https://t.co/CtuJoLHiDo
1771,670421925039075328,https://t.co/tLRyYvCci3
1772,670420569653809152,https://t.co/Z5nqlfjYJi
1773,670417414769758208,https://t.co/Dfv2YaHPMn
1774,670411370698022913,https://t.co/1DJfHmfBQN
1775,670408998013820928,https://t.co/LXVEHo9JMY
1776,670403879788544000,https://t.co/vSd1TWFK1I
1777,670385711116361728,https://t.co/MAZx8MPF0S
1778,670374371102445568,https://t.co/8yzgYzP94K
1779,670361874861563904,https://t.co/98ZBi6o4dj
1780,670338931251150849,https://t.co/iTc578yDmY
1781,670319130621435904,https://t.co/QnfO7HEQGA
1782,670303360680108032,https://t.co/yV3Qgjh8iN
1783,670290420111441920,https://t.co/orbkAq9kYF
1784,670093938074779648,https://t.co/vYs9IVzHY9
1785,670086499208155136,https://t.co/DuQXATW27f
1786,670079681849372674,https://t.co/Qvj4JZGdQD
1787,670073503555706880,https://t.co/exGrzT9O88
1788,670069087419133954,https://t.co/pzrvc7wKGd
1789,670061506722140161,https://t.co/uQMFKv1vjn
1790,670055038660800512,https://t.co/0gY6XTOpn3
1791,670046952931721218,https://t.co/465sIBdvzU
1792,670040295598354432,https://t.co/5iYF0Ci0EK
1793,670037189829525505,https://t.co/rOTOteKx4q
1794,670003130994700288,https://t.co/3NTykJmtHt
1795,669993076832759809,https://t.co/kR1fqy4NKK
1796,669972011175813120,https://t.co/A6XnvxHiUQ
1797,669970042633789440,https://t.co/aeURGO9Qs8
1798,669942763794931712,https://t.co/1VJoY3OJ1F
1799,669926384437997569,https://t.co/9RYY2NtHDw
1800,669923323644657664,https://t.co/6GUGO7azNX
1801,669753178989142016,https://t.co/63jh1tYZa5
1802,669749430875258880,https://t.co/tbFaTUHLJB
1803,669683899023405056,https://t.co/NvKJRYDosA
1804,669682095984410625,https://t.co/RAwZvMKRZB
1805,669680153564442624,https://t.co/IQFZKNUlXx
1806,669661792646373376,https://t.co/ODnILTr4QM
1807,669625907762618368,https://t.co/eqeWw67oU7
1808,669603084620980224,https://t.co/MSIbWu4YYs
1809,669597912108789760,https://t.co/XmCvma01fF
1810,669583744538451968,https://t.co/f8GXeDbFzu
1811,669573570759163904,https://t.co/UpFFYhA1Id
1812,669571471778410496,https://t.co/fa7olwrF9Y
1813,669567591774625800,https://t.co/XPLB3eoXiX
1814,669564461267722241,https://t.co/eCRdwouKCl
1815,669393256313184256,https://t.co/juktj5qiaD
1816,669375718304980992,https://t.co/ero0XfdGtY
1817,669371483794317312,https://t.co/fj4c170cxk
1818,669367896104181761,https://t.co/yoB0SM1AAP
1819,669363888236994561,https://t.co/jPkd7hhX7m
1820,669359674819481600,https://t.co/Eh2v0AyJbi
1821,669354382627049472,https://t.co/JtA1TG21Xx
1822,669353438988365824,https://t.co/qDS1aCqppv
1823,669351434509529089,https://t.co/zKNF77dxEA
1824,669328503091937280,https://t.co/0twoigv5jP
1825,669327207240699904,https://t.co/6WGFp9cuj6
1826,669324657376567296,https://t.co/R5Z6jBTdhc
1827,669216679721873412,https://t.co/d8ybynaRwZ
1828,669214165781868544,https://t.co/cieaOI0RuT
1829,669203728096960512,https://t.co/HPoce45SI3
1830,669037058363662336,https://t.co/Lh1BsJrWPp
1831,669015743032369152,https://t.co/Jykq2iq3qN
1832,669006782128353280,https://t.co/k0ddVUWTcu
1833,669000397445533696,https://t.co/ixcuUYCbdD
1834,668994913074286592,https://t.co/w5oYFXi0uh
1835,668992363537309700,https://t.co/tiVuq6MNwl
1836,668989615043424256,https://t.co/1zBp1moFlX
1837,668988183816871936,https://t.co/bMhs18elNF
1838,668986018524233728,https://t.co/j0Wpa42KCH
1839,668981893510119424,https://t.co/0EJXxE9UxW
1840,668979806671884288,https://t.co/uxdOfblUB0
1841,668975677807423489,https://t.co/LqAMlFVBoY
1842,668960084974809088,https://t.co/952hUV6RiK
1843,668955713004314625,https://t.co/Dmy2mY2Qj5
1844,668932921458302977,https://t.co/rcrKkL7eB6
1845,668902994700836864,https://t.co/UqCvpSgMJe
1846,668892474547511297,https://t.co/HyDpTU5Jhj
1847,668872652652679168,https://t.co/up0MHRxelf
1848,668852170888998912,https://t.co/OmxouCZ8IY
1849,668826086256599040,https://t.co/Ko7eCsFpnI
1850,668815180734689280,https://t.co/IGmVbz07tZ
1851,668779399630725120,https://t.co/YVAJgWHzPW
1852,668655139528511488,https://t.co/mwnBN6ZkPt
1853,668645506898350081,https://t.co/70X1TIXn38
1854,668643542311546881,https://t.co/IiSdmhkC5N
1855,668641109086707712,https://t.co/pKJK23j0QZ
1856,668636665813057536,https://t.co/EM5fDykrJg
1857,668633411083464705,https://t.co/k8P6FZlzAG
1858,668631377374486528,https://t.co/fvVNScw8VH
1859,668627278264475648,https://t.co/3FuNbzyPwo
1860,668625577880875008,https://t.co/0zBycaxyvs
1861,668623201287675904,https://t.co/TIhVKEIPqj
1862,668620235289837568,https://t.co/AGyogHtmXx
1863,668614819948453888,https://t.co/2Su7gmsnZm
1864,668567822092664832,https://t.co/81kzPgqjQ3
1865,668544745690562560,https://t.co/ALNyYuGui7
1866,668542336805281792,https://t.co/VvYVbsi6c3
1867,668537837512433665,https://t.co/stEodX9Aba
1868,668528771708952576,https://t.co/zpdBQCcYgW
1869,668507509523615744,https://t.co/HvNg9JWxFt
1870,668496999348633600,https://t.co/Edy7B5vOp2
1871,668484198282485761,https://t.co/uXgmECGYEB
1872,668480044826800133,https://t.co/be3zMW0Qj5
1873,668466899341221888,https://t.co/YOHe6lf09m
1874,668297328638447616,https://t.co/P8bivfp5sU
1875,668291999406125056,https://t.co/fM0KXns7Or
1876,668286279830867968,https://t.co/C8U6cxI1Jc
1877,668274247790391296,https://t.co/3j9kZRcpVB
1878,668268907921326080,https://t.co/aeZykWwiJN
1879,668256321989451776,https://t.co/L6qAEV5PAd
1880,668248472370458624,https://t.co/1XYRh8N00K
1881,668237644992782336,https://t.co/TnSRDqYO5i
1882,668226093875376128,https://t.co/jWVwSppaa2
1883,668221241640230912,https://t.co/4pw1QQ6udh
1884,668204964695683073,https://t.co/4ilfcR5SlK
1885,668190681446379520,https://t.co/2wm0POA9N2
1886,668171859951755264,https://t.co/XpseHBlAAb
1887,668154635664932864,https://t.co/79sHR36NsI
1888,668142349051129856,https://t.co/DnhUw0aBM2
1889,668113020489474048,https://t.co/GCJzm3YsfX
1890,667937095915278337,https://t.co/x89NSCEZCq
1891,667924896115245057,https://t.co/fW6kIPFGD2
1892,667915453470232577,https://t.co/tIaaBIMlJN
1893,667911425562669056,https://t.co/SyMoWrp368
1894,667902449697558528,https://t.co/sJeHdGUt0W
1895,667886921285246976,https://t.co/MT7Q4aDQS1
1896,667885044254572545,https://t.co/7rkYZQdKEd
1897,667878741721415682,https://t.co/LvP1TTYSCN
1898,667873844930215936,https://t.co/ODqrL3zXYE
1899,667866724293877760,https://t.co/SBmWbfAg6X
1900,667861340749471744,https://t.co/J4GnJ5Swba
1901,667832474953625600,https://t.co/z1xPTgVLc7
1902,667806454573760512,https://t.co/TBmDJXJB75
1903,667801013445750784,https://t.co/SVMF4Frf1w
1904,667793409583771648,https://t.co/s1z7mX4c9O
1905,667782464991965184,https://t.co/BY8nQAMz0x
1906,667773195014021121,https://t.co/ZU0i0KJyqD
1907,667766675769573376,https://t.co/3Bbba7y8Xe
1908,667728196545200128,https://t.co/LwrCwlWwPB
1909,667724302356258817,https://t.co/0nIxPTDWAZ
1910,667549055577362432,https://t.co/i9iSGNn3fx
1911,667546741521195010,https://t.co/afRtVsoIIb
1912,667544320556335104,https://t.co/8zcwIoiuqR
1913,667538891197542400,https://t.co/IQTOMqDUIe
1914,667534815156183040,https://t.co/CpPxD28IpV
1915,667530908589760512,https://t.co/xoRWyQTcmy
1916,667524857454854144,https://t.co/seESNzgsdm
1917,667517642048163840,https://t.co/fh5KflzBR0
1918,667509364010450944,https://t.co/0aDF62KVP7
1919,667502640335572993,https://t.co/n5Wtb5Hvsl
1920,667495797102141441,https://t.co/5NhPV8E45i
1921,667491009379606528,https://t.co/ITxxcc4v9y
1922,667470559035432960,https://t.co/J4vn2rOYFk
1923,667455448082227200,https://t.co/uLzRi1drVK
1924,667453023279554560,https://t.co/6uLCWR9Efa
1925,667443425659232256,https://t.co/rqO4I3nf2N
1926,667437278097252352,https://t.co/97HuBrVuOx
1927,667435689202614272,https://t.co/PQni2sjPsm
1928,667405339315146752,https://t.co/3Fm9PwLju1
1929,667393430834667520,https://t.co/A37eGLz5WS
1930,667369227918143488,https://t.co/LEaviT37v1
1931,667211855547486208,https://t.co/azEoGqVonH
1932,667200525029539841,https://t.co/60xYFRATPZ
1933,667192066997374976,https://t.co/QCugm5ydl6
1934,667188689915760640,https://t.co/8uCMwS9CbV
1935,667182792070062081,https://t.co/s2yYuHabWl
1936,667177989038297088,https://t.co/jpaeu6LNmW
1937,667176164155375616,https://t.co/PZxSarAfSN
1938,667174963120574464,https://t.co/fGDWgukcBs
1939,667171260800061440,https://t.co/6RHNRsByOY
1940,667165590075940865,https://t.co/li2XYBVuAY
1941,667160273090932737,https://t.co/DKhgkMx4N1
1942,667152164079423490,https://t.co/h9R0EwKd9X
1943,667138269671505920,https://t.co/0DvHAMdA4V
1944,667119796878725120,https://t.co/3LZrJzg3BJ
1945,667090893657276420,https://t.co/Ks0jZtdIrr
1946,667073648344346624,https://t.co/DPSamreuRq
1947,667065535570550784,https://t.co/7JdgVqDnvR
1948,667062181243039745,https://t.co/tz1lpuvXLA
1949,667044094246576128,https://t.co/QZAnwgnOMB
1950,667012601033924608,https://t.co/bATAbPNv0m
1951,666996132027977728,https://t.co/SVpNbhaIMk
1952,666983947667116034,https://t.co/cyDfaK8NBc
1953,666837028449972224,https://t.co/xYGdBrMS9h
1954,666835007768551424,https://t.co/ZnEMHBsAs1
1955,666826780179869698,https://t.co/V6ZzG45zzG
1956,666817836334096384,https://t.co/8whlkYw3mO
1957,666804364988780544,https://t.co/RdKbAOEpDK
1958,666786068205871104,https://t.co/EIn5kElY1S
1959,666781792255496192,https://t.co/uEvsGLOFHa
1960,666776908487630848,https://t.co/XNGeDwrtYH
1961,666739327293083650,https://t.co/tI3uFLDHBI
1962,666701168228331520,https://t.co/uQbZJM2DQB
1963,666691418707132416,https://t.co/bg4TqvvkuF
1964,666649482315059201,https://t.co/vXMKrJC81s
1965,666644823164719104,https://t.co/LEkZjZxESQ
1966,666454714377183233,https://t.co/uPqPeXAcua
1967,666447344410484738,https://t.co/kH60oka1HW
1968,666437273139982337,https://t.co/7LtjBS0GPK
1969,666435652385423360,https://t.co/GlFZPzqcEU
1970,666430724426358785,https://t.co/yECbFrSArM
1971,666428276349472768,https://t.co/NMQq6HIglK
1972,666421158376562688,https://t.co/YMcrXC2Y6R
1973,666418789513326592,https://t.co/qXpcwENTvn
1974,666411507551481857,https://t.co/aMCTNWO94t
1975,666407126856765440,https://t.co/LopTBkKa8h
1976,666396247373291520,https://t.co/Dc7b0E8qFE
1977,666373753744588802,https://t.co/uHXrPkUEyl
1978,666362758909284353,https://t.co/XMD9CwjEnM
1979,666353288456101888,https://t.co/tltQ5w9aUO
1980,666345417576210432,https://t.co/VFKG1vxGjB
1981,666337882303524864,https://t.co/QpRjllzWAL
1982,666293911632134144,https://t.co/IIXis0zta0
1983,666287406224695296,https://t.co/d9NcXFKwLv
1984,666273097616637952,https://t.co/ws2AMaNwPW
1985,666268910803644416,https://t.co/0yxApIikpk
1986,666104133288665088,https://t.co/Asgdc6kuLX
1987,666102155909144576,https://t.co/11LvqN4WLq
1988,666099513787052032,https://t.co/Ri4nMTLq5C
1989,666094000022159362,https://t.co/mnioXo3IfP
1990,666082916733198337,https://t.co/3RU6x0vHB7
1991,666073100786774016,https://t.co/Yk6GHE9tOY
1992,666071193221509120,https://t.co/ZoL8kq2XFx
1993,666063827256086533,https://t.co/RhUEAloehK
1994,666058600524156928,https://t.co/pYAJkAe76p
1995,666057090499244032,https://t.co/yWBqbrzy8O
1996,666055525042405380,https://t.co/rdivxLiqEt
1997,666051853826850816,https://t.co/v5A4vzSDdc
1998,666050758794694657,https://t.co/fvIbQfHjIe
1999,666049248165822465,https://t.co/4B7cOc1EDq
2000,666044226329800704,https://t.co/DWnyCjf2mx
2001,666033412701032449,https://t.co/y671yMhoiR
2002,666029285002620928,https://t.co/r7mOb2m0UI
2003,666020888022790149,https://t.co/BLDqew2Ijj
6,890971913173991426,https://t.co/Zr4hWfAs1H
26,886736880519319552,https://t.co/bVi0Yr4Cff
63,878281511006478336,https://t.co/245xJJElsY
80,873213775632977920,https://t.co/Xp01EU3qyD
92,870656317836468226,https://t.co/4hxnDOt1CV
102,868552278524837888,https://t.co/ZMTE4Mr69f
120,863062471531167744,https://t.co/MOBkQnyHib
128,860563773140209665,https://t.co/qZdSdzm08p
142,857393404942143489,https://t.co/Mj4j6QoIJk
160,852912242202992640,https://t.co/aVMjBqAy1x
181,847842811428974592,https://t.co/zK4cpKPFfU
184,847157206088847362,https://t.co/Jlb9L0m3J0
192,845397057150107648,https://t.co/L6mLzrd7Mx
203,842765311967449089,https://t.co/fvGkIuAlFK
212,840632337062862849,https://t.co/JesYTzb1Jo
235,835264098648616962,https://t.co/FYFyHh7rir
256,832032802820481025,https://t.co/P0bO8mCQwN
260,831650051525054464,https://t.co/piiX0ke8Z6
268,830097400375152640,https://t.co/z82hCtwhpn
295,826204788643753985,https://t.co/1httNYrCeW
301,825026590719483904,https://t.co/koHvVQp9bL
326,820314633777061888,https://t.co/XQlmPTLHPl
328,819952236453363712,https://t.co/f5WMsx0a9K
346,817415592588222464,https://t.co/3uxgLz8d0l
355,815990720817401858,https://t.co/r4W111FzAq
381,812503143955202048,https://t.co/LRCTJpnCnS
388,810984652412424192,https://t.co/98tB8y7y7t
990,709901256215666688,https://t.co/k5xsufRKYm
